quadro,inferior_direito,inferior_esquerdo,superior_direito,superior_esquerdo
quadros_compostos/group_01_type_00/look1210_g01_f00_Leste_Addon_0_z0_Base.png,1,2,3,0
quadros_compostos/group_01_type_00/look1210_g01_f00_Leste_Addon_0_z0_Mascara.png,4,5,6,0
quadros_compostos/group_01_type_00/look1210_g01_f00_Leste_Addon_0_z1_Base.png,7,8,9,10
quadros_compostos/group_01_type_00/look1210_g01_f00_Leste_Addon_0_z1_Mascara.png,11,12,0,13
quadros_compostos/group_01_type_00/look1210_g01_f00_Leste_Addon_1_z0_Base.png,14,15,0,0
quadros_compostos/group_01_type_00/look1210_g01_f00_Leste_Addon_1_z0_Mascara.png,0,0,0,0
quadros_compostos/group_01_type_00/look1210_g01_f00_Leste_Addon_1_z1_Base.png,0,16,0,17
quadros_compostos/group_01_type_00/look1210_g01_f00_Leste_Addon_1_z1_Mascara.png,0,0,0,0
quadros_compostos/group_01_type_00/look1210_g01_f00_Leste_Addon_2_z0_Base.png,18,0,19,0
quadros_compostos/group_01_type_00/look1210_g01_f00_Leste_Addon_2_z0_Mascara.png,0,0,0,0
quadros_compostos/group_01_type_00/look1210_g01_f00_Leste_Addon_2_z1_Base.png,20,21,22,23
quadros_compostos/group_01_type_00/look1210_g01_f00_Leste_Addon_2_z1_Mascara.png,0,0,0,0
quadros_compostos/group_01_type_00/look1210_g01_f00_Leste_Addon_3_z0_Base.png,24,0,0,0
quadros_compostos/group_01_type_00/look1210_g01_f00_Leste_Addon_3_z0_Mascara.png,0,0,0,0
quadros_compostos/group_01_type_00/look1210_g01_f00_Leste_Addon_3_z1_Base.png,25,26,0,0
quadros_compostos/group_01_type_00/look1210_g01_f00_Leste_Addon_3_z1_Mascara.png,0,0,0,0
quadros_compostos/group_01_type_00/look1210_g01_f00_Leste_Addon_4_z0_Base.png,27,0,0,0
quadros_compostos/group_01_type_00/look1210_g01_f00_Leste_Addon_4_z0_Mascara.png,0,0,0,0
quadros_compostos/group_01_type_00/look1210_g01_f00_Leste_Addon_4_z1_Base.png,28,0,0,0
quadros_compostos/group_01_type_00/look1210_g01_f00_Leste_Addon_4_z1_Mascara.png,0,0,0,0
quadros_compostos/group_01_type_00/look1210_g01_f00_Leste_Addon_5_z0_Base.png,29,30,0,0
quadros_compostos/group_01_type_00/look1210_g01_f00_Leste_Addon_5_z0_Mascara.png,0,0,0,0
quadros_compostos/group_01_type_00/look1210_g01_f00_Leste_Addon_5_z1_Base.png,31,32,0,0
quadros_compostos/group_01_type_00/look1210_g01_f00_Leste_Addon_5_z1_Mascara.png,0,0,0,0
quadros_compostos/group_01_type_00/look1210_g01_f00_Leste_Addon_6_z0_Base.png,33,0,34,0
quadros_compostos/group_01_type_00/look1210_g01_f00_Leste_Addon_6_z0_Mascara.png,0,0,0,0
quadros_compostos/group_01_type_00/look1210_g01_f00_Leste_Addon_6_z1_Base.png,35,0,36,0
quadros_compostos/group_01_type_00/look1210_g01_f00_Leste_Addon_6_z1_Mascara.png,0,0,0,0
quadros_compostos/group_01_type_00/look1210_g01_f00_Norte_Addon_0_z0_Base.png,37,0,38,0
quadros_compostos/group_01_type_00/look1210_g01_f00_Norte_Addon_0_z0_Mascara.png,39,0,40,0
quadros_compostos/group_01_type_00/look1210_g01_f00_Norte_Addon_0_z1_Base.png,41,42,43,44
quadros_compostos/group_01_type_00/look1210_g01_f00_Norte_Addon_0_z1_Mascara.png,45,46,47,48
quadros_compostos/group_01_type_00/look1210_g01_f00_Norte_Addon_1_z0_Base.png,49,0,50,0
quadros_compostos/group_01_type_00/look1210_g01_f00_Norte_Addon_1_z0_Mascara.png,0,0,0,0
quadros_compostos/group_01_type_00/look1210_g01_f00_Norte_Addon_1_z1_Base.png,51,52,53,54
quadros_compostos/group_01_type_00/look1210_g01_f00_Norte_Addon_1_z1_Mascara.png,0,0,0,0
quadros_compostos/group_01_type_00/look1210_g01_f00_Norte_Addon_2_z0_Base.png,55,0,0,0
quadros_compostos/group_01_type_00/look1210_g01_f00_Norte_Addon_2_z0_Mascara.png,0,0,0,0
quadros_compostos/group_01_type_00/look1210_g01_f00_Norte_Addon_2_z1_Base.png,56,57,58,0
quadros_compostos/group_01_type_00/look1210_g01_f00_Norte_Addon_2_z1_Mascara.png,0,0,0,0
quadros_compostos/group_01_type_00/look1210_g01_f00_Norte_Addon_3_z0_Base.png,59,0,0,0
quadros_compostos/group_01_type_00/look1210_g01_f00_Norte_Addon_3_z0_Mascara.png,0,0,0,0
quadros_compostos/group_01_type_00/look1210_g01_f00_Norte_Addon_3_z1_Base.png,60,0,0,0
quadros_compostos/group_01_type_00/look1210_g01_f00_Norte_Addon_3_z1_Mascara.png,0,0,0,0
quadros_compostos/group_01_type_00/look1210_g01_f00_Norte_Addon_4_z0_Base.png,61,0,0,0
quadros_compostos/group_01_type_00/look1210_g01_f00_Norte_Addon_4_z0_Mascara.png,0,0,0,0
quadros_compostos/group_01_type_00/look1210_g01_f00_Norte_Addon_4_z1_Base.png,62,0,0,0
quadros_compostos/group_01_type_00/look1210_g01_f00_Norte_Addon_4_z1_Mascara.png,0,0,0,0
quadros_compostos/group_01_type_00/look1210_g01_f00_Norte_Addon_5_z0_Base.png,63,0,64,0
quadros_compostos/group_01_type_00/look1210_g01_f00_Norte_Addon_5_z0_Mascara.png,0,0,0,0
quadros_compostos/group_01_type_00/look1210_g01_f00_Norte_Addon_5_z1_Base.png,0,0,65,0
quadros_compostos/group_01_type_00/look1210_g01_f00_Norte_Addon_5_z1_Mascara.png,0,0,0,0
quadros_compostos/group_01_type_00/look1210_g01_f00_Norte_Addon_6_z0_Base.png,66,67,0,0
quadros_compostos/group_01_type_00/look1210_g01_f00_Norte_Addon_6_z0_Mascara.png,0,0,0,0
quadros_compostos/group_01_type_00/look1210_g01_f00_Norte_Addon_6_z1_Base.png,0,68,0,0
quadros_compostos/group_01_type_00/look1210_g01_f00_Norte_Addon_6_z1_Mascara.png,0,0,0,0
quadros_compostos/group_01_type_00/look1210_g01_f00_Oeste_Addon_0_z0_Base.png,69,70,0,0
quadros_compostos/group_01_type_00/look1210_g01_f00_Oeste_Addon_0_z0_Mascara.png,71,72,0,0
quadros_compostos/group_01_type_00/look1210_g01_f00_Oeste_Addon_0_z1_Base.png,73,74,75,76
quadros_compostos/group_01_type_00/look1210_g01_f00_Oeste_Addon_0_z1_Mascara.png,77,78,79,80
quadros_compostos/group_01_type_00/look1210_g01_f00_Oeste_Addon_1_z0_Base.png,81,82,0,0
quadros_compostos/group_01_type_00/look1210_g01_f00_Oeste_Addon_1_z0_Mascara.png,0,0,0,0
quadros_compostos/group_01_type_00/look1210_g01_f00_Oeste_Addon_1_z1_Base.png,83,84,85,86
quadros_compostos/group_01_type_00/look1210_g01_f00_Oeste_Addon_1_z1_Mascara.png,0,0,0,0
quadros_compostos/group_01_type_00/look1210_g01_f00_Oeste_Addon_2_z0_Base.png,87,0,0,0
quadros_compostos/group_01_type_00/look1210_g01_f00_Oeste_Addon_2_z0_Mascara.png,0,0,0,0
quadros_compostos/group_01_type_00/look1210_g01_f00_Oeste_Addon_2_z1_Base.png,88,89,90,0
quadros_compostos/group_01_type_00/look1210_g01_f00_Oeste_Addon_2_z1_Mascara.png,0,0,0,0
quadros_compostos/group_01_type_00/look1210_g01_f00_Oeste_Addon_3_z0_Base.png,91,0,0,0
quadros_compostos/group_01_type_00/look1210_g01_f00_Oeste_Addon_3_z0_Mascara.png,0,0,0,0
quadros_compostos/group_01_type_00/look1210_g01_f00_Oeste_Addon_3_z1_Base.png,92,0,0,0
quadros_compostos/group_01_type_00/look1210_g01_f00_Oeste_Addon_3_z1_Mascara.png,0,0,0,0
quadros_compostos/group_01_type_00/look1210_g01_f00_Oeste_Addon_4_z0_Base.png,93,0,0,0
quadros_compostos/group_01_type_00/look1210_g01_f00_Oeste_Addon_4_z0_Mascara.png,0,0,0,0
quadros_compostos/group_01_type_00/look1210_g01_f00_Oeste_Addon_4_z1_Base.png,94,0,0,0
quadros_compostos/group_01_type_00/look1210_g01_f00_Oeste_Addon_4_z1_Mascara.png,0,0,0,0
quadros_compostos/group_01_type_00/look1210_g01_f00_Oeste_Addon_5_z0_Base.png,95,0,96,0
quadros_compostos/group_01_type_00/look1210_g01_f00_Oeste_Addon_5_z0_Mascara.png,0,0,0,0
quadros_compostos/group_01_type_00/look1210_g01_f00_Oeste_Addon_5_z1_Base.png,0,0,97,0
quadros_compostos/group_01_type_00/look1210_g01_f00_Oeste_Addon_5_z1_Mascara.png,0,0,0,0
quadros_compostos/group_01_type_00/look1210_g01_f00_Oeste_Addon_6_z0_Base.png,98,0,0,0
quadros_compostos/group_01_type_00/look1210_g01_f00_Oeste_Addon_6_z0_Mascara.png,0,0,0,0
quadros_compostos/group_01_type_00/look1210_g01_f00_Oeste_Addon_6_z1_Base.png,0,99,0,0
quadros_compostos/group_01_type_00/look1210_g01_f00_Oeste_Addon_6_z1_Mascara.png,0,0,0,0
quadros_compostos/group_01_type_00/look1210_g01_f00_Sul_Addon_0_z0_Base.png,100,101,102,0
quadros_compostos/group_01_type_00/look1210_g01_f00_Sul_Addon_0_z0_Mascara.png,103,104,105,0
quadros_compostos/group_01_type_00/look1210_g01_f00_Sul_Addon_0_z1_Base.png,106,107,108,109
quadros_compostos/group_01_type_00/look1210_g01_f00_Sul_Addon_0_z1_Mascara.png,110,0,111,112
quadros_compostos/group_01_type_00/look1210_g01_f00_Sul_Addon_1_z0_Base.png,113,0,114,0
quadros_compostos/group_01_type_00/look1210_g01_f00_Sul_Addon_1_z0_Mascara.png,0,0,0,0
quadros_compostos/group_01_type_00/look1210_g01_f00_Sul_Addon_1_z1_Base.png,0,0,115,116
quadros_compostos/group_01_type_00/look1210_g01_f00_Sul_Addon_1_z1_Mascara.png,0,0,0,0
quadros_compostos/group_01_type_00/look1210_g01_f00_Sul_Addon_2_z0_Base.png,117,118,0,0
quadros_compostos/group_01_type_00/look1210_g01_f00_Sul_Addon_2_z0_Mascara.png,0,0,0,0
quadros_compostos/group_01_type_00/look1210_g01_f00_Sul_Addon_2_z1_Base.png,119,120,121,122
quadros_compostos/group_01_type_00/look1210_g01_f00_Sul_Addon_2_z1_Mascara.png,0,0,0,0
quadros_compostos/group_01_type_00/look1210_g01_f00_Sul_Addon_3_z0_Base.png,123,0,0,0
quadros_compostos/group_01_type_00/look1210_g01_f00_Sul_Addon_3_z0_Mascara.png,0,0,0,0
quadros_compostos/group_01_type_00/look1210_g01_f00_Sul_Addon_3_z1_Base.png,124,0,125,0
quadros_compostos/group_01_type_00/look1210_g01_f00_Sul_Addon_3_z1_Mascara.png,0,0,0,0
quadros_compostos/group_01_type_00/look1210_g01_f00_Sul_Addon_4_z0_Base.png,126,0,0,0
quadros_compostos/group_01_type_00/look1210_g01_f00_Sul_Addon_4_z0_Mascara.png,0,0,0,0
quadros_compostos/group_01_type_00/look1210_g01_f00_Sul_Addon_4_z1_Base.png,127,0,0,0
quadros_compostos/group_01_type_00/look1210_g01_f00_Sul_Addon_4_z1_Mascara.png,0,0,0,0
quadros_compostos/group_01_type_00/look1210_g01_f00_Sul_Addon_5_z0_Base.png,128,129,0,0
quadros_compostos/group_01_type_00/look1210_g01_f00_Sul_Addon_5_z0_Mascara.png,0,0,0,0
quadros_compostos/group_01_type_00/look1210_g01_f00_Sul_Addon_5_z1_Base.png,130,131,0,132
quadros_compostos/group_01_type_00/look1210_g01_f00_Sul_Addon_5_z1_Mascara.png,0,0,0,0
quadros_compostos/group_01_type_00/look1210_g01_f00_Sul_Addon_6_z0_Base.png,133,0,0,0
quadros_compostos/group_01_type_00/look1210_g01_f00_Sul_Addon_6_z0_Mascara.png,0,0,0,0
quadros_compostos/group_01_type_00/look1210_g01_f00_Sul_Addon_6_z1_Base.png,134,0,135,0
quadros_compostos/group_01_type_00/look1210_g01_f00_Sul_Addon_6_z1_Mascara.png,0,0,0,0
quadros_compostos/group_01_type_00/look1210_g01_f01_Leste_Addon_0_z0_Base.png,1,2,3,0
quadros_compostos/group_01_type_00/look1210_g01_f01_Leste_Addon_0_z0_Mascara.png,4,5,6,0
quadros_compostos/group_01_type_00/look1210_g01_f01_Leste_Addon_0_z1_Base.png,7,136,9,10
quadros_compostos/group_01_type_00/look1210_g01_f01_Leste_Addon_0_z1_Mascara.png,11,137,0,13
quadros_compostos/group_01_type_00/look1210_g01_f01_Leste_Addon_1_z0_Base.png,138,139,0,0
quadros_compostos/group_01_type_00/look1210_g01_f01_Leste_Addon_1_z0_Mascara.png,0,0,0,0
quadros_compostos/group_01_type_00/look1210_g01_f01_Leste_Addon_1_z1_Base.png,0,140,0,141
quadros_compostos/group_01_type_00/look1210_g01_f01_Leste_Addon_1_z1_Mascara.png,0,0,0,0
quadros_compostos/group_01_type_00/look1210_g01_f01_Leste_Addon_2_z0_Base.png,142,0,143,0
quadros_compostos/group_01_type_00/look1210_g01_f01_Leste_Addon_2_z0_Mascara.png,0,0,0,0
quadros_compostos/group_01_type_00/look1210_g01_f01_Leste_Addon_2_z1_Base.png,144,145,22,146
quadros_compostos/group_01_type_00/look1210_g01_f01_Leste_Addon_2_z1_Mascara.png,0,0,0,0
quadros_compostos/group_01_type_00/look1210_g01_f01_Leste_Addon_3_z0_Base.png,147,0,0,0
quadros_compostos/group_01_type_00/look1210_g01_f01_Leste_Addon_3_z0_Mascara.png,0,0,0,0
quadros_compostos/group_01_type_00/look1210_g01_f01_Leste_Addon_3_z1_Base.png,148,26,0,0
quadros_compostos/group_01_type_00/look1210_g01_f01_Leste_Addon_3_z1_Mascara.png,0,0,0,0
quadros_compostos/group_01_type_00/look1210_g01_f01_Leste_Addon_4_z0_Base.png,149,0,0,0
quadros_compostos/group_01_type_00/look1210_g01_f01_Leste_Addon_4_z0_Mascara.png,0,0,0,0
quadros_compostos/group_01_type_00/look1210_g01_f01_Leste_Addon_4_z1_Base.png,28,0,0,0
quadros_compostos/group_01_type_00/look1210_g01_f01_Leste_Addon_4_z1_Mascara.png,0,0,0,0
quadros_compostos/group_01_type_00/look1210_g01_f01_Leste_Addon_5_z0_Base.png,29,30,0,0
quadros_compostos/group_01_type_00/look1210_g01_f01_Leste_Addon_5_z0_Mascara.png,0,0,0,0
quadros_compostos/group_01_type_00/look1210_g01_f01_Leste_Addon_5_z1_Base.png,31,32,0,0
quadros_compostos/group_01_type_00/look1210_g01_f01_Leste_Addon_5_z1_Mascara.png,0,0,0,0
quadros_compostos/group_01_type_00/look1210_g01_f01_Leste_Addon_6_z0_Base.png,33,0,34,0
quadros_compostos/group_01_type_00/look1210_g01_f01_Leste_Addon_6_z0_Mascara.png,0,0,0,0
quadros_compostos/group_01_type_00/look1210_g01_f01_Leste_Addon_6_z1_Base.png,35,0,36,0
quadros_compostos/group_01_type_00/look1210_g01_f01_Leste_Addon_6_z1_Mascara.png,0,0,0,0
quadros_compostos/group_01_type_00/look1210_g01_f01_Norte_Addon_0_z0_Base.png,37,0,38,0
quadros_compostos/group_01_type_00/look1210_g01_f01_Norte_Addon_0_z0_Mascara.png,39,0,40,0
quadros_compostos/group_01_type_00/look1210_g01_f01_Norte_Addon_0_z1_Base.png,41,42,43,44
quadros_compostos/group_01_type_00/look1210_g01_f01_Norte_Addon_0_z1_Mascara.png,45,46,47,48
quadros_compostos/group_01_type_00/look1210_g01_f01_Norte_Addon_1_z0_Base.png,150,0,50,0
quadros_compostos/group_01_type_00/look1210_g01_f01_Norte_Addon_1_z0_Mascara.png,0,0,0,0
quadros_compostos/group_01_type_00/look1210_g01_f01_Norte_Addon_1_z1_Base.png,51,52,151,152
quadros_compostos/group_01_type_00/look1210_g01_f01_Norte_Addon_1_z1_Mascara.png,0,0,0,0
quadros_compostos/group_01_type_00/look1210_g01_f01_Norte_Addon_2_z0_Base.png,153,0,0,0
quadros_compostos/group_01_type_00/look1210_g01_f01_Norte_Addon_2_z0_Mascara.png,0,0,0,0
quadros_compostos/group_01_type_00/look1210_g01_f01_Norte_Addon_2_z1_Base.png,154,155,156,0
quadros_compostos/group_01_type_00/look1210_g01_f01_Norte_Addon_2_z1_Mascara.png,0,0,0,0
quadros_compostos/group_01_type_00/look1210_g01_f01_Norte_Addon_3_z0_Base.png,59,0,0,0
quadros_compostos/group_01_type_00/look1210_g01_f01_Norte_Addon_3_z0_Mascara.png,0,0,0,0
quadros_compostos/group_01_type_00/look1210_g01_f01_Norte_Addon_3_z1_Base.png,157,0,0,0
quadros_compostos/group_01_type_00/look1210_g01_f01_Norte_Addon_3_z1_Mascara.png,0,0,0,0
quadros_compostos/group_01_type_00/look1210_g01_f01_Norte_Addon_4_z0_Base.png,158,0,0,0
quadros_compostos/group_01_type_00/look1210_g01_f01_Norte_Addon_4_z0_Mascara.png,0,0,0,0
quadros_compostos/group_01_type_00/look1210_g01_f01_Norte_Addon_4_z1_Base.png,159,0,0,0
quadros_compostos/group_01_type_00/look1210_g01_f01_Norte_Addon_4_z1_Mascara.png,0,0,0,0
quadros_compostos/group_01_type_00/look1210_g01_f01_Norte_Addon_5_z0_Base.png,63,0,64,0
quadros_compostos/group_01_type_00/look1210_g01_f01_Norte_Addon_5_z0_Mascara.png,0,0,0,0
quadros_compostos/group_01_type_00/look1210_g01_f01_Norte_Addon_5_z1_Base.png,0,0,65,0
quadros_compostos/group_01_type_00/look1210_g01_f01_Norte_Addon_5_z1_Mascara.png,0,0,0,0
quadros_compostos/group_01_type_00/look1210_g01_f01_Norte_Addon_6_z0_Base.png,66,67,0,0
quadros_compostos/group_01_type_00/look1210_g01_f01_Norte_Addon_6_z0_Mascara.png,0,0,0,0
quadros_compostos/group_01_type_00/look1210_g01_f01_Norte_Addon_6_z1_Base.png,0,68,0,0
quadros_compostos/group_01_type_00/look1210_g01_f01_Norte_Addon_6_z1_Mascara.png,0,0,0,0
quadros_compostos/group_01_type_00/look1210_g01_f01_Oeste_Addon_0_z0_Base.png,69,70,0,0
quadros_compostos/group_01_type_00/look1210_g01_f01_Oeste_Addon_0_z0_Mascara.png,71,72,0,0
quadros_compostos/group_01_type_00/look1210_g01_f01_Oeste_Addon_0_z1_Base.png,73,74,75,76
quadros_compostos/group_01_type_00/look1210_g01_f01_Oeste_Addon_0_z1_Mascara.png,77,78,79,80
quadros_compostos/group_01_type_00/look1210_g01_f01_Oeste_Addon_1_z0_Base.png,160,82,0,0
quadros_compostos/group_01_type_00/look1210_g01_f01_Oeste_Addon_1_z0_Mascara.png,0,0,0,0
quadros_compostos/group_01_type_00/look1210_g01_f01_Oeste_Addon_1_z1_Base.png,83,161,85,162
quadros_compostos/group_01_type_00/look1210_g01_f01_Oeste_Addon_1_z1_Mascara.png,0,0,0,0
quadros_compostos/group_01_type_00/look1210_g01_f01_Oeste_Addon_2_z0_Base.png,163,0,0,0
quadros_compostos/group_01_type_00/look1210_g01_f01_Oeste_Addon_2_z0_Mascara.png,0,0,0,0
quadros_compostos/group_01_type_00/look1210_g01_f01_Oeste_Addon_2_z1_Base.png,164,165,166,0
quadros_compostos/group_01_type_00/look1210_g01_f01_Oeste_Addon_2_z1_Mascara.png,0,0,0,0
quadros_compostos/group_01_type_00/look1210_g01_f01_Oeste_Addon_3_z0_Base.png,91,0,0,0
quadros_compostos/group_01_type_00/look1210_g01_f01_Oeste_Addon_3_z0_Mascara.png,0,0,0,0
quadros_compostos/group_01_type_00/look1210_g01_f01_Oeste_Addon_3_z1_Base.png,167,0,0,0
quadros_compostos/group_01_type_00/look1210_g01_f01_Oeste_Addon_3_z1_Mascara.png,0,0,0,0
quadros_compostos/group_01_type_00/look1210_g01_f01_Oeste_Addon_4_z0_Base.png,168,0,0,0
quadros_compostos/group_01_type_00/look1210_g01_f01_Oeste_Addon_4_z0_Mascara.png,0,0,0,0
quadros_compostos/group_01_type_00/look1210_g01_f01_Oeste_Addon_4_z1_Base.png,169,0,0,0
quadros_compostos/group_01_type_00/look1210_g01_f01_Oeste_Addon_4_z1_Mascara.png,0,0,0,0
quadros_compostos/group_01_type_00/look1210_g01_f01_Oeste_Addon_5_z0_Base.png,95,0,96,0
quadros_compostos/group_01_type_00/look1210_g01_f01_Oeste_Addon_5_z0_Mascara.png,0,0,0,0
quadros_compostos/group_01_type_00/look1210_g01_f01_Oeste_Addon_5_z1_Base.png,0,0,97,0
quadros_compostos/group_01_type_00/look1210_g01_f01_Oeste_Addon_5_z1_Mascara.png,0,0,0,0
quadros_compostos/group_01_type_00/look1210_g01_f01_Oeste_Addon_6_z0_Base.png,98,0,0,0
quadros_compostos/group_01_type_00/look1210_g01_f01_Oeste_Addon_6_z0_Mascara.png,0,0,0,0
quadros_compostos/group_01_type_00/look1210_g01_f01_Oeste_Addon_6_z1_Base.png,0,99,0,0
quadros_compostos/group_01_type_00/look1210_g01_f01_Oeste_Addon_6_z1_Mascara.png,0,0,0,0
quadros_compostos/group_01_type_00/look1210_g01_f01_Sul_Addon_0_z0_Base.png,100,101,102,0
quadros_compostos/group_01_type_00/look1210_g01_f01_Sul_Addon_0_z0_Mascara.png,103,104,105,0
quadros_compostos/group_01_type_00/look1210_g01_f01_Sul_Addon_0_z1_Base.png,106,107,170,109
quadros_compostos/group_01_type_00/look1210_g01_f01_Sul_Addon_0_z1_Mascara.png,110,0,171,112
quadros_compostos/group_01_type_00/look1210_g01_f01_Sul_Addon_1_z0_Base.png,172,0,173,0
quadros_compostos/group_01_type_00/look1210_g01_f01_Sul_Addon_1_z0_Mascara.png,0,0,0,0
quadros_compostos/group_01_type_00/look1210_g01_f01_Sul_Addon_1_z1_Base.png,0,0,174,175
quadros_compostos/group_01_type_00/look1210_g01_f01_Sul_Addon_1_z1_Mascara.png,0,0,0,0
quadros_compostos/group_01_type_00/look1210_g01_f01_Sul_Addon_2_z0_Base.png,176,177,0,0
quadros_compostos/group_01_type_00/look1210_g01_f01_Sul_Addon_2_z0_Mascara.png,0,0,0,0
quadros_compostos/group_01_type_00/look1210_g01_f01_Sul_Addon_2_z1_Base.png,178,120,179,180
quadros_compostos/group_01_type_00/look1210_g01_f01_Sul_Addon_2_z1_Mascara.png,0,0,0,0
quadros_compostos/group_01_type_00/look1210_g01_f01_Sul_Addon_3_z0_Base.png,181,0,0,0
quadros_compostos/group_01_type_00/look1210_g01_f01_Sul_Addon_3_z0_Mascara.png,0,0,0,0
quadros_compostos/group_01_type_00/look1210_g01_f01_Sul_Addon_3_z1_Base.png,182,0,125,0
quadros_compostos/group_01_type_00/look1210_g01_f01_Sul_Addon_3_z1_Mascara.png,0,0,0,0
quadros_compostos/group_01_type_00/look1210_g01_f01_Sul_Addon_4_z0_Base.png,183,0,0,0
quadros_compostos/group_01_type_00/look1210_g01_f01_Sul_Addon_4_z0_Mascara.png,0,0,0,0
quadros_compostos/group_01_type_00/look1210_g01_f01_Sul_Addon_4_z1_Base.png,127,0,0,0
quadros_compostos/group_01_type_00/look1210_g01_f01_Sul_Addon_4_z1_Mascara.png,0,0,0,0
quadros_compostos/group_01_type_00/look1210_g01_f01_Sul_Addon_5_z0_Base.png,128,129,0,0
quadros_compostos/group_01_type_00/look1210_g01_f01_Sul_Addon_5_z0_Mascara.png,0,0,0,0
quadros_compostos/group_01_type_00/look1210_g01_f01_Sul_Addon_5_z1_Base.png,130,131,0,132
quadros_compostos/group_01_type_00/look1210_g01_f01_Sul_Addon_5_z1_Mascara.png,0,0,0,0
quadros_compostos/group_01_type_00/look1210_g01_f01_Sul_Addon_6_z0_Base.png,133,0,0,0
quadros_compostos/group_01_type_00/look1210_g01_f01_Sul_Addon_6_z0_Mascara.png,0,0,0,0
quadros_compostos/group_01_type_00/look1210_g01_f01_Sul_Addon_6_z1_Base.png,134,0,135,0
quadros_compostos/group_01_type_00/look1210_g01_f01_Sul_Addon_6_z1_Mascara.png,0,0,0,0
quadros_compostos/group_01_type_00/look1210_g01_f02_Leste_Addon_0_z0_Base.png,184,2,3,0
quadros_compostos/group_01_type_00/look1210_g01_f02_Leste_Addon_0_z0_Mascara.png,185,5,6,0
quadros_compostos/group_01_type_00/look1210_g01_f02_Leste_Addon_0_z1_Base.png,7,8,9,10
quadros_compostos/group_01_type_00/look1210_g01_f02_Leste_Addon_0_z1_Mascara.png,11,12,0,13
quadros_compostos/group_01_type_00/look1210_g01_f02_Leste_Addon_1_z0_Base.png,186,187,0,0
quadros_compostos/group_01_type_00/look1210_g01_f02_Leste_Addon_1_z0_Mascara.png,0,0,0,0
quadros_compostos/group_01_type_00/look1210_g01_f02_Leste_Addon_1_z1_Base.png,0,188,0,189
quadros_compostos/group_01_type_00/look1210_g01_f02_Leste_Addon_1_z1_Mascara.png,0,0,0,0
quadros_compostos/group_01_type_00/look1210_g01_f02_Leste_Addon_2_z0_Base.png,190,0,19,0
quadros_compostos/group_01_type_00/look1210_g01_f02_Leste_Addon_2_z0_Mascara.png,0,0,0,0
quadros_compostos/group_01_type_00/look1210_g01_f02_Leste_Addon_2_z1_Base.png,191,192,22,193
quadros_compostos/group_01_type_00/look1210_g01_f02_Leste_Addon_2_z1_Mascara.png,0,0,0,0
quadros_compostos/group_01_type_00/look1210_g01_f02_Leste_Addon_3_z0_Base.png,194,0,0,0
quadros_compostos/group_01_type_00/look1210_g01_f02_Leste_Addon_3_z0_Mascara.png,0,0,0,0
quadros_compostos/group_01_type_00/look1210_g01_f02_Leste_Addon_3_z1_Base.png,195,26,0,0
quadros_compostos/group_01_type_00/look1210_g01_f02_Leste_Addon_3_z1_Mascara.png,0,0,0,0
quadros_compostos/group_01_type_00/look1210_g01_f02_Leste_Addon_4_z0_Base.png,196,0,0,0
quadros_compostos/group_01_type_00/look1210_g01_f02_Leste_Addon_4_z0_Mascara.png,0,0,0,0
quadros_compostos/group_01_type_00/look1210_g01_f02_Leste_Addon_4_z1_Base.png,197,0,0,0
quadros_compostos/group_01_type_00/look1210_g01_f02_Leste_Addon_4_z1_Mascara.png,0,0,0,0
quadros_compostos/group_01_type_00/look1210_g01_f02_Leste_Addon_5_z0_Base.png,29,30,0,0
quadros_compostos/group_01_type_00/look1210_g01_f02_Leste_Addon_5_z0_Mascara.png,0,0,0,0
quadros_compostos/group_01_type_00/look1210_g01_f02_Leste_Addon_5_z1_Base.png,31,32,0,0
quadros_compostos/group_01_type_00/look1210_g01_f02_Leste_Addon_5_z1_Mascara.png,0,0,0,0
quadros_compostos/group_01_type_00/look1210_g01_f02_Leste_Addon_6_z0_Base.png,33,0,34,0
quadros_compostos/group_01_type_00/look1210_g01_f02_Leste_Addon_6_z0_Mascara.png,0,0,0,0
quadros_compostos/group_01_type_00/look1210_g01_f02_Leste_Addon_6_z1_Base.png,35,0,36,0
quadros_compostos/group_01_type_00/look1210_g01_f02_Leste_Addon_6_z1_Mascara.png,0,0,0,0
quadros_compostos/group_01_type_00/look1210_g01_f02_Norte_Addon_0_z0_Base.png,37,0,38,0
quadros_compostos/group_01_type_00/look1210_g01_f02_Norte_Addon_0_z0_Mascara.png,39,0,40,0
quadros_compostos/group_01_type_00/look1210_g01_f02_Norte_Addon_0_z1_Base.png,41,42,43,44
quadros_compostos/group_01_type_00/look1210_g01_f02_Norte_Addon_0_z1_Mascara.png,45,46,47,48
quadros_compostos/group_01_type_00/look1210_g01_f02_Norte_Addon_1_z0_Base.png,198,0,50,0
quadros_compostos/group_01_type_00/look1210_g01_f02_Norte_Addon_1_z0_Mascara.png,0,0,0,0
quadros_compostos/group_01_type_00/look1210_g01_f02_Norte_Addon_1_z1_Base.png,51,199,200,201
quadros_compostos/group_01_type_00/look1210_g01_f02_Norte_Addon_1_z1_Mascara.png,0,0,0,0
quadros_compostos/group_01_type_00/look1210_g01_f02_Norte_Addon_2_z0_Base.png,202,0,0,0
quadros_compostos/group_01_type_00/look1210_g01_f02_Norte_Addon_2_z0_Mascara.png,0,0,0,0
quadros_compostos/group_01_type_00/look1210_g01_f02_Norte_Addon_2_z1_Base.png,203,204,58,0
quadros_compostos/group_01_type_00/look1210_g01_f02_Norte_Addon_2_z1_Mascara.png,0,0,0,0
quadros_compostos/group_01_type_00/look1210_g01_f02_Norte_Addon_3_z0_Base.png,205,0,0,0
quadros_compostos/group_01_type_00/look1210_g01_f02_Norte_Addon_3_z0_Mascara.png,0,0,0,0
quadros_compostos/group_01_type_00/look1210_g01_f02_Norte_Addon_3_z1_Base.png,206,0,0,0
quadros_compostos/group_01_type_00/look1210_g01_f02_Norte_Addon_3_z1_Mascara.png,0,0,0,0
quadros_compostos/group_01_type_00/look1210_g01_f02_Norte_Addon_4_z0_Base.png,207,0,0,0
quadros_compostos/group_01_type_00/look1210_g01_f02_Norte_Addon_4_z0_Mascara.png,0,0,0,0
quadros_compostos/group_01_type_00/look1210_g01_f02_Norte_Addon_4_z1_Base.png,208,0,0,0
quadros_compostos/group_01_type_00/look1210_g01_f02_Norte_Addon_4_z1_Mascara.png,0,0,0,0
quadros_compostos/group_01_type_00/look1210_g01_f02_Norte_Addon_5_z0_Base.png,63,0,64,0
quadros_compostos/group_01_type_00/look1210_g01_f02_Norte_Addon_5_z0_Mascara.png,0,0,0,0
quadros_compostos/group_01_type_00/look1210_g01_f02_Norte_Addon_5_z1_Base.png,0,0,65,0
quadros_compostos/group_01_type_00/look1210_g01_f02_Norte_Addon_5_z1_Mascara.png,0,0,0,0
quadros_compostos/group_01_type_00/look1210_g01_f02_Norte_Addon_6_z0_Base.png,66,67,0,0
quadros_compostos/group_01_type_00/look1210_g01_f02_Norte_Addon_6_z0_Mascara.png,0,0,0,0
quadros_compostos/group_01_type_00/look1210_g01_f02_Norte_Addon_6_z1_Base.png,0,68,0,0
quadros_compostos/group_01_type_00/look1210_g01_f02_Norte_Addon_6_z1_Mascara.png,0,0,0,0
quadros_compostos/group_01_type_00/look1210_g01_f02_Oeste_Addon_0_z0_Base.png,69,70,0,0
quadros_compostos/group_01_type_00/look1210_g01_f02_Oeste_Addon_0_z0_Mascara.png,71,72,0,0
quadros_compostos/group_01_type_00/look1210_g01_f02_Oeste_Addon_0_z1_Base.png,73,74,75,76
quadros_compostos/group_01_type_00/look1210_g01_f02_Oeste_Addon_0_z1_Mascara.png,77,78,79,80
quadros_compostos/group_01_type_00/look1210_g01_f02_Oeste_Addon_1_z0_Base.png,209,82,0,0
quadros_compostos/group_01_type_00/look1210_g01_f02_Oeste_Addon_1_z0_Mascara.png,0,0,0,0
quadros_compostos/group_01_type_00/look1210_g01_f02_Oeste_Addon_1_z1_Base.png,83,210,211,212
quadros_compostos/group_01_type_00/look1210_g01_f02_Oeste_Addon_1_z1_Mascara.png,0,0,0,0
quadros_compostos/group_01_type_00/look1210_g01_f02_Oeste_Addon_2_z0_Base.png,213,0,0,0
quadros_compostos/group_01_type_00/look1210_g01_f02_Oeste_Addon_2_z0_Mascara.png,0,0,0,0
quadros_compostos/group_01_type_00/look1210_g01_f02_Oeste_Addon_2_z1_Base.png,214,89,215,0
quadros_compostos/group_01_type_00/look1210_g01_f02_Oeste_Addon_2_z1_Mascara.png,0,0,0,0
quadros_compostos/group_01_type_00/look1210_g01_f02_Oeste_Addon_3_z0_Base.png,216,0,0,0
quadros_compostos/group_01_type_00/look1210_g01_f02_Oeste_Addon_3_z0_Mascara.png,0,0,0,0
quadros_compostos/group_01_type_00/look1210_g01_f02_Oeste_Addon_3_z1_Base.png,217,0,0,0
quadros_compostos/group_01_type_00/look1210_g01_f02_Oeste_Addon_3_z1_Mascara.png,0,0,0,0
quadros_compostos/group_01_type_00/look1210_g01_f02_Oeste_Addon_4_z0_Base.png,218,0,0,0
quadros_compostos/group_01_type_00/look1210_g01_f02_Oeste_Addon_4_z0_Mascara.png,0,0,0,0
quadros_compostos/group_01_type_00/look1210_g01_f02_Oeste_Addon_4_z1_Base.png,219,0,0,0
quadros_compostos/group_01_type_00/look1210_g01_f02_Oeste_Addon_4_z1_Mascara.png,0,0,0,0
quadros_compostos/group_01_type_00/look1210_g01_f02_Oeste_Addon_5_z0_Base.png,95,0,96,0
quadros_compostos/group_01_type_00/look1210_g01_f02_Oeste_Addon_5_z0_Mascara.png,0,0,0,0
quadros_compostos/group_01_type_00/look1210_g01_f02_Oeste_Addon_5_z1_Base.png,0,0,97,0
quadros_compostos/group_01_type_00/look1210_g01_f02_Oeste_Addon_5_z1_Mascara.png,0,0,0,0
quadros_compostos/group_01_type_00/look1210_g01_f02_Oeste_Addon_6_z0_Base.png,98,0,0,0
quadros_compostos/group_01_type_00/look1210_g01_f02_Oeste_Addon_6_z0_Mascara.png,0,0,0,0
quadros_compostos/group_01_type_00/look1210_g01_f02_Oeste_Addon_6_z1_Base.png,0,99,0,0
quadros_compostos/group_01_type_00/look1210_g01_f02_Oeste_Addon_6_z1_Mascara.png,0,0,0,0
quadros_compostos/group_01_type_00/look1210_g01_f02_Sul_Addon_0_z0_Base.png,220,101,102,0
quadros_compostos/group_01_type_00/look1210_g01_f02_Sul_Addon_0_z0_Mascara.png,221,104,105,0
quadros_compostos/group_01_type_00/look1210_g01_f02_Sul_Addon_0_z1_Base.png,106,107,108,109
quadros_compostos/group_01_type_00/look1210_g01_f02_Sul_Addon_0_z1_Mascara.png,110,0,111,112
quadros_compostos/group_01_type_00/look1210_g01_f02_Sul_Addon_1_z0_Base.png,222,0,223,0
quadros_compostos/group_01_type_00/look1210_g01_f02_Sul_Addon_1_z0_Mascara.png,0,0,0,0
quadros_compostos/group_01_type_00/look1210_g01_f02_Sul_Addon_1_z1_Base.png,0,0,224,225
quadros_compostos/group_01_type_00/look1210_g01_f02_Sul_Addon_1_z1_Mascara.png,0,0,0,0
quadros_compostos/group_01_type_00/look1210_g01_f02_Sul_Addon_2_z0_Base.png,226,118,0,0
quadros_compostos/group_01_type_00/look1210_g01_f02_Sul_Addon_2_z0_Mascara.png,0,0,0,0
quadros_compostos/group_01_type_00/look1210_g01_f02_Sul_Addon_2_z1_Base.png,227,120,228,229
quadros_compostos/group_01_type_00/look1210_g01_f02_Sul_Addon_2_z1_Mascara.png,0,0,0,0
quadros_compostos/group_01_type_00/look1210_g01_f02_Sul_Addon_3_z0_Base.png,230,0,0,0
quadros_compostos/group_01_type_00/look1210_g01_f02_Sul_Addon_3_z0_Mascara.png,0,0,0,0
quadros_compostos/group_01_type_00/look1210_g01_f02_Sul_Addon_3_z1_Base.png,231,0,125,0
quadros_compostos/group_01_type_00/look1210_g01_f02_Sul_Addon_3_z1_Mascara.png,0,0,0,0
quadros_compostos/group_01_type_00/look1210_g01_f02_Sul_Addon_4_z0_Base.png,232,0,0,0
quadros_compostos/group_01_type_00/look1210_g01_f02_Sul_Addon_4_z0_Mascara.png,0,0,0,0
quadros_compostos/group_01_type_00/look1210_g01_f02_Sul_Addon_4_z1_Base.png,233,0,0,0
quadros_compostos/group_01_type_00/look1210_g01_f02_Sul_Addon_4_z1_Mascara.png,0,0,0,0
quadros_compostos/group_01_type_00/look1210_g01_f02_Sul_Addon_5_z0_Base.png,128,129,0,0
quadros_compostos/group_01_type_00/look1210_g01_f02_Sul_Addon_5_z0_Mascara.png,0,0,0,0
quadros_compostos/group_01_type_00/look1210_g01_f02_Sul_Addon_5_z1_Base.png,130,131,0,132
quadros_compostos/group_01_type_00/look1210_g01_f02_Sul_Addon_5_z1_Mascara.png,0,0,0,0
quadros_compostos/group_01_type_00/look1210_g01_f02_Sul_Addon_6_z0_Base.png,133,0,0,0
quadros_compostos/group_01_type_00/look1210_g01_f02_Sul_Addon_6_z0_Mascara.png,0,0,0,0
quadros_compostos/group_01_type_00/look1210_g01_f02_Sul_Addon_6_z1_Base.png,134,0,135,0
quadros_compostos/group_01_type_00/look1210_g01_f02_Sul_Addon_6_z1_Mascara.png,0,0,0,0
quadros_compostos/group_01_type_00/look1210_g01_f03_Leste_Addon_0_z0_Base.png,234,2,3,0
quadros_compostos/group_01_type_00/look1210_g01_f03_Leste_Addon_0_z0_Mascara.png,185,5,6,0
quadros_compostos/group_01_type_00/look1210_g01_f03_Leste_Addon_0_z1_Base.png,7,8,9,10
quadros_compostos/group_01_type_00/look1210_g01_f03_Leste_Addon_0_z1_Mascara.png,11,12,0,13
quadros_compostos/group_01_type_00/look1210_g01_f03_Leste_Addon_1_z0_Base.png,235,187,0,0
quadros_compostos/group_01_type_00/look1210_g01_f03_Leste_Addon_1_z0_Mascara.png,0,0,0,0
quadros_compostos/group_01_type_00/look1210_g01_f03_Leste_Addon_1_z1_Base.png,0,236,0,237
quadros_compostos/group_01_type_00/look1210_g01_f03_Leste_Addon_1_z1_Mascara.png,0,0,0,0
quadros_compostos/group_01_type_00/look1210_g01_f03_Leste_Addon_2_z0_Base.png,238,0,19,0
quadros_compostos/group_01_type_00/look1210_g01_f03_Leste_Addon_2_z0_Mascara.png,0,0,0,0
quadros_compostos/group_01_type_00/look1210_g01_f03_Leste_Addon_2_z1_Base.png,239,240,22,241
quadros_compostos/group_01_type_00/look1210_g01_f03_Leste_Addon_2_z1_Mascara.png,0,0,0,0
quadros_compostos/group_01_type_00/look1210_g01_f03_Leste_Addon_3_z0_Base.png,242,0,0,0
quadros_compostos/group_01_type_00/look1210_g01_f03_Leste_Addon_3_z0_Mascara.png,0,0,0,0
quadros_compostos/group_01_type_00/look1210_g01_f03_Leste_Addon_3_z1_Base.png,195,26,0,0
quadros_compostos/group_01_type_00/look1210_g01_f03_Leste_Addon_3_z1_Mascara.png,0,0,0,0
quadros_compostos/group_01_type_00/look1210_g01_f03_Leste_Addon_4_z0_Base.png,243,0,0,0
quadros_compostos/group_01_type_00/look1210_g01_f03_Leste_Addon_4_z0_Mascara.png,0,0,0,0
quadros_compostos/group_01_type_00/look1210_g01_f03_Leste_Addon_4_z1_Base.png,197,0,0,0
quadros_compostos/group_01_type_00/look1210_g01_f03_Leste_Addon_4_z1_Mascara.png,0,0,0,0
quadros_compostos/group_01_type_00/look1210_g01_f03_Leste_Addon_5_z0_Base.png,29,30,0,0
quadros_compostos/group_01_type_00/look1210_g01_f03_Leste_Addon_5_z0_Mascara.png,0,0,0,0
quadros_compostos/group_01_type_00/look1210_g01_f03_Leste_Addon_5_z1_Base.png,31,32,0,0
quadros_compostos/group_01_type_00/look1210_g01_f03_Leste_Addon_5_z1_Mascara.png,0,0,0,0
quadros_compostos/group_01_type_00/look1210_g01_f03_Leste_Addon_6_z0_Base.png,33,0,34,0
quadros_compostos/group_01_type_00/look1210_g01_f03_Leste_Addon_6_z0_Mascara.png,0,0,0,0
quadros_compostos/group_01_type_00/look1210_g01_f03_Leste_Addon_6_z1_Base.png,35,0,36,0
quadros_compostos/group_01_type_00/look1210_g01_f03_Leste_Addon_6_z1_Mascara.png,0,0,0,0
quadros_compostos/group_01_type_00/look1210_g01_f03_Norte_Addon_0_z0_Base.png,37,0,38,0
quadros_compostos/group_01_type_00/look1210_g01_f03_Norte_Addon_0_z0_Mascara.png,39,0,40,0
quadros_compostos/group_01_type_00/look1210_g01_f03_Norte_Addon_0_z1_Base.png,41,42,43,44
quadros_compostos/group_01_type_00/look1210_g01_f03_Norte_Addon_0_z1_Mascara.png,45,46,47,48
quadros_compostos/group_01_type_00/look1210_g01_f03_Norte_Addon_1_z0_Base.png,244,0,50,0
quadros_compostos/group_01_type_00/look1210_g01_f03_Norte_Addon_1_z0_Mascara.png,0,0,0,0
quadros_compostos/group_01_type_00/look1210_g01_f03_Norte_Addon_1_z1_Base.png,51,245,246,247
quadros_compostos/group_01_type_00/look1210_g01_f03_Norte_Addon_1_z1_Mascara.png,0,0,0,0
quadros_compostos/group_01_type_00/look1210_g01_f03_Norte_Addon_2_z0_Base.png,248,0,0,0
quadros_compostos/group_01_type_00/look1210_g01_f03_Norte_Addon_2_z0_Mascara.png,0,0,0,0
quadros_compostos/group_01_type_00/look1210_g01_f03_Norte_Addon_2_z1_Base.png,249,250,58,0
quadros_compostos/group_01_type_00/look1210_g01_f03_Norte_Addon_2_z1_Mascara.png,0,0,0,0
quadros_compostos/group_01_type_00/look1210_g01_f03_Norte_Addon_3_z0_Base.png,205,0,0,0
quadros_compostos/group_01_type_00/look1210_g01_f03_Norte_Addon_3_z0_Mascara.png,0,0,0,0
quadros_compostos/group_01_type_00/look1210_g01_f03_Norte_Addon_3_z1_Base.png,251,0,0,0
quadros_compostos/group_01_type_00/look1210_g01_f03_Norte_Addon_3_z1_Mascara.png,0,0,0,0
quadros_compostos/group_01_type_00/look1210_g01_f03_Norte_Addon_4_z0_Base.png,252,0,0,0
quadros_compostos/group_01_type_00/look1210_g01_f03_Norte_Addon_4_z0_Mascara.png,0,0,0,0
quadros_compostos/group_01_type_00/look1210_g01_f03_Norte_Addon_4_z1_Base.png,253,0,0,0
quadros_compostos/group_01_type_00/look1210_g01_f03_Norte_Addon_4_z1_Mascara.png,0,0,0,0
quadros_compostos/group_01_type_00/look1210_g01_f03_Norte_Addon_5_z0_Base.png,63,0,64,0
quadros_compostos/group_01_type_00/look1210_g01_f03_Norte_Addon_5_z0_Mascara.png,0,0,0,0
quadros_compostos/group_01_type_00/look1210_g01_f03_Norte_Addon_5_z1_Base.png,0,0,65,0
quadros_compostos/group_01_type_00/look1210_g01_f03_Norte_Addon_5_z1_Mascara.png,0,0,0,0
quadros_compostos/group_01_type_00/look1210_g01_f03_Norte_Addon_6_z0_Base.png,66,67,0,0
quadros_compostos/group_01_type_00/look1210_g01_f03_Norte_Addon_6_z0_Mascara.png,0,0,0,0
quadros_compostos/group_01_type_00/look1210_g01_f03_Norte_Addon_6_z1_Base.png,0,68,0,0
quadros_compostos/group_01_type_00/look1210_g01_f03_Norte_Addon_6_z1_Mascara.png,0,0,0,0
quadros_compostos/group_01_type_00/look1210_g01_f03_Oeste_Addon_0_z0_Base.png,69,70,0,0
quadros_compostos/group_01_type_00/look1210_g01_f03_Oeste_Addon_0_z0_Mascara.png,71,72,0,0
quadros_compostos/group_01_type_00/look1210_g01_f03_Oeste_Addon_0_z1_Base.png,73,74,75,76
quadros_compostos/group_01_type_00/look1210_g01_f03_Oeste_Addon_0_z1_Mascara.png,77,78,79,80
quadros_compostos/group_01_type_00/look1210_g01_f03_Oeste_Addon_1_z0_Base.png,254,82,0,0
quadros_compostos/group_01_type_00/look1210_g01_f03_Oeste_Addon_1_z0_Mascara.png,0,0,0,0
quadros_compostos/group_01_type_00/look1210_g01_f03_Oeste_Addon_1_z1_Base.png,83,255,256,257
quadros_compostos/group_01_type_00/look1210_g01_f03_Oeste_Addon_1_z1_Mascara.png,0,0,0,0
quadros_compostos/group_01_type_00/look1210_g01_f03_Oeste_Addon_2_z0_Base.png,258,0,0,0
quadros_compostos/group_01_type_00/look1210_g01_f03_Oeste_Addon_2_z0_Mascara.png,0,0,0,0
quadros_compostos/group_01_type_00/look1210_g01_f03_Oeste_Addon_2_z1_Base.png,259,89,260,0
quadros_compostos/group_01_type_00/look1210_g01_f03_Oeste_Addon_2_z1_Mascara.png,0,0,0,0
quadros_compostos/group_01_type_00/look1210_g01_f03_Oeste_Addon_3_z0_Base.png,216,0,0,0
quadros_compostos/group_01_type_00/look1210_g01_f03_Oeste_Addon_3_z0_Mascara.png,0,0,0,0
quadros_compostos/group_01_type_00/look1210_g01_f03_Oeste_Addon_3_z1_Base.png,261,0,0,0
quadros_compostos/group_01_type_00/look1210_g01_f03_Oeste_Addon_3_z1_Mascara.png,0,0,0,0
quadros_compostos/group_01_type_00/look1210_g01_f03_Oeste_Addon_4_z0_Base.png,262,0,0,0
quadros_compostos/group_01_type_00/look1210_g01_f03_Oeste_Addon_4_z0_Mascara.png,0,0,0,0
quadros_compostos/group_01_type_00/look1210_g01_f03_Oeste_Addon_4_z1_Base.png,263,0,0,0
quadros_compostos/group_01_type_00/look1210_g01_f03_Oeste_Addon_4_z1_Mascara.png,0,0,0,0
quadros_compostos/group_01_type_00/look1210_g01_f03_Oeste_Addon_5_z0_Base.png,95,0,96,0
quadros_compostos/group_01_type_00/look1210_g01_f03_Oeste_Addon_5_z0_Mascara.png,0,0,0,0
quadros_compostos/group_01_type_00/look1210_g01_f03_Oeste_Addon_5_z1_Base.png,0,0,97,0
quadros_compostos/group_01_type_00/look1210_g01_f03_Oeste_Addon_5_z1_Mascara.png,0,0,0,0
quadros_compostos/group_01_type_00/look1210_g01_f03_Oeste_Addon_6_z0_Base.png,98,0,0,0
quadros_compostos/group_01_type_00/look1210_g01_f03_Oeste_Addon_6_z0_Mascara.png,0,0,0,0
quadros_compostos/group_01_type_00/look1210_g01_f03_Oeste_Addon_6_z1_Base.png,0,99,0,0
quadros_compostos/group_01_type_00/look1210_g01_f03_Oeste_Addon_6_z1_Mascara.png,0,0,0,0
quadros_compostos/group_01_type_00/look1210_g01_f03_Sul_Addon_0_z0_Base.png,264,101,102,0
quadros_compostos/group_01_type_00/look1210_g01_f03_Sul_Addon_0_z0_Mascara.png,221,104,105,0
quadros_compostos/group_01_type_00/look1210_g01_f03_Sul_Addon_0_z1_Base.png,106,107,108,109
quadros_compostos/group_01_type_00/look1210_g01_f03_Sul_Addon_0_z1_Mascara.png,110,0,111,112
quadros_compostos/group_01_type_00/look1210_g01_f03_Sul_Addon_1_z0_Base.png,265,0,223,0
quadros_compostos/group_01_type_00/look1210_g01_f03_Sul_Addon_1_z0_Mascara.png,0,0,0,0
quadros_compostos/group_01_type_00/look1210_g01_f03_Sul_Addon_1_z1_Base.png,0,0,266,267
quadros_compostos/group_01_type_00/look1210_g01_f03_Sul_Addon_1_z1_Mascara.png,0,0,0,0
quadros_compostos/group_01_type_00/look1210_g01_f03_Sul_Addon_2_z0_Base.png,268,118,0,0
quadros_compostos/group_01_type_00/look1210_g01_f03_Sul_Addon_2_z0_Mascara.png,0,0,0,0
quadros_compostos/group_01_type_00/look1210_g01_f03_Sul_Addon_2_z1_Base.png,269,120,270,271
quadros_compostos/group_01_type_00/look1210_g01_f03_Sul_Addon_2_z1_Mascara.png,0,0,0,0
quadros_compostos/group_01_type_00/look1210_g01_f03_Sul_Addon_3_z0_Base.png,272,0,0,0
quadros_compostos/group_01_type_00/look1210_g01_f03_Sul_Addon_3_z0_Mascara.png,0,0,0,0
quadros_compostos/group_01_type_00/look1210_g01_f03_Sul_Addon_3_z1_Base.png,231,0,125,0
quadros_compostos/group_01_type_00/look1210_g01_f03_Sul_Addon_3_z1_Mascara.png,0,0,0,0
quadros_compostos/group_01_type_00/look1210_g01_f03_Sul_Addon_4_z0_Base.png,273,0,0,0
quadros_compostos/group_01_type_00/look1210_g01_f03_Sul_Addon_4_z0_Mascara.png,0,0,0,0
quadros_compostos/group_01_type_00/look1210_g01_f03_Sul_Addon_4_z1_Base.png,233,0,0,0
quadros_compostos/group_01_type_00/look1210_g01_f03_Sul_Addon_4_z1_Mascara.png,0,0,0,0
quadros_compostos/group_01_type_00/look1210_g01_f03_Sul_Addon_5_z0_Base.png,128,129,0,0
quadros_compostos/group_01_type_00/look1210_g01_f03_Sul_Addon_5_z0_Mascara.png,0,0,0,0
quadros_compostos/group_01_type_00/look1210_g01_f03_Sul_Addon_5_z1_Base.png,130,131,0,132
quadros_compostos/group_01_type_00/look1210_g01_f03_Sul_Addon_5_z1_Mascara.png,0,0,0,0
quadros_compostos/group_01_type_00/look1210_g01_f03_Sul_Addon_6_z0_Base.png,133,0,0,0
quadros_compostos/group_01_type_00/look1210_g01_f03_Sul_Addon_6_z0_Mascara.png,0,0,0,0
quadros_compostos/group_01_type_00/look1210_g01_f03_Sul_Addon_6_z1_Base.png,134,0,135,0
quadros_compostos/group_01_type_00/look1210_g01_f03_Sul_Addon_6_z1_Mascara.png,0,0,0,0
quadros_compostos/group_01_type_00/look1210_g01_f04_Leste_Addon_0_z0_Base.png,234,2,3,0
quadros_compostos/group_01_type_00/look1210_g01_f04_Leste_Addon_0_z0_Mascara.png,185,5,6,0
quadros_compostos/group_01_type_00/look1210_g01_f04_Leste_Addon_0_z1_Base.png,7,8,9,10
quadros_compostos/group_01_type_00/look1210_g01_f04_Leste_Addon_0_z1_Mascara.png,11,12,0,13
quadros_compostos/group_01_type_00/look1210_g01_f04_Leste_Addon_1_z0_Base.png,274,187,0,0
quadros_compostos/group_01_type_00/look1210_g01_f04_Leste_Addon_1_z0_Mascara.png,0,0,0,0
quadros_compostos/group_01_type_00/look1210_g01_f04_Leste_Addon_1_z1_Base.png,0,275,0,276
quadros_compostos/group_01_type_00/look1210_g01_f04_Leste_Addon_1_z1_Mascara.png,0,0,0,0
quadros_compostos/group_01_type_00/look1210_g01_f04_Leste_Addon_2_z0_Base.png,277,0,19,0
quadros_compostos/group_01_type_00/look1210_g01_f04_Leste_Addon_2_z0_Mascara.png,0,0,0,0
quadros_compostos/group_01_type_00/look1210_g01_f04_Leste_Addon_2_z1_Base.png,20,278,22,279
quadros_compostos/group_01_type_00/look1210_g01_f04_Leste_Addon_2_z1_Mascara.png,0,0,0,0
quadros_compostos/group_01_type_00/look1210_g01_f04_Leste_Addon_3_z0_Base.png,194,0,0,0
quadros_compostos/group_01_type_00/look1210_g01_f04_Leste_Addon_3_z0_Mascara.png,0,0,0,0
quadros_compostos/group_01_type_00/look1210_g01_f04_Leste_Addon_3_z1_Base.png,280,26,0,0
quadros_compostos/group_01_type_00/look1210_g01_f04_Leste_Addon_3_z1_Mascara.png,0,0,0,0
quadros_compostos/group_01_type_00/look1210_g01_f04_Leste_Addon_4_z0_Base.png,281,0,0,0
quadros_compostos/group_01_type_00/look1210_g01_f04_Leste_Addon_4_z0_Mascara.png,0,0,0,0
quadros_compostos/group_01_type_00/look1210_g01_f04_Leste_Addon_4_z1_Base.png,282,0,0,0
quadros_compostos/group_01_type_00/look1210_g01_f04_Leste_Addon_4_z1_Mascara.png,0,0,0,0
quadros_compostos/group_01_type_00/look1210_g01_f04_Leste_Addon_5_z0_Base.png,29,30,0,0
quadros_compostos/group_01_type_00/look1210_g01_f04_Leste_Addon_5_z0_Mascara.png,0,0,0,0
quadros_compostos/group_01_type_00/look1210_g01_f04_Leste_Addon_5_z1_Base.png,31,32,0,0
quadros_compostos/group_01_type_00/look1210_g01_f04_Leste_Addon_5_z1_Mascara.png,0,0,0,0
quadros_compostos/group_01_type_00/look1210_g01_f04_Leste_Addon_6_z0_Base.png,33,0,34,0
quadros_compostos/group_01_type_00/look1210_g01_f04_Leste_Addon_6_z0_Mascara.png,0,0,0,0
quadros_compostos/group_01_type_00/look1210_g01_f04_Leste_Addon_6_z1_Base.png,35,0,36,0
quadros_compostos/group_01_type_00/look1210_g01_f04_Leste_Addon_6_z1_Mascara.png,0,0,0,0
quadros_compostos/group_01_type_00/look1210_g01_f04_Norte_Addon_0_z0_Base.png,37,0,38,0
quadros_compostos/group_01_type_00/look1210_g01_f04_Norte_Addon_0_z0_Mascara.png,39,0,40,0
quadros_compostos/group_01_type_00/look1210_g01_f04_Norte_Addon_0_z1_Base.png,41,42,43,44
quadros_compostos/group_01_type_00/look1210_g01_f04_Norte_Addon_0_z1_Mascara.png,45,46,47,48
quadros_compostos/group_01_type_00/look1210_g01_f04_Norte_Addon_1_z0_Base.png,283,0,50,0
quadros_compostos/group_01_type_00/look1210_g01_f04_Norte_Addon_1_z0_Mascara.png,0,0,0,0
quadros_compostos/group_01_type_00/look1210_g01_f04_Norte_Addon_1_z1_Base.png,51,284,246,247
quadros_compostos/group_01_type_00/look1210_g01_f04_Norte_Addon_1_z1_Mascara.png,0,0,0,0
quadros_compostos/group_01_type_00/look1210_g01_f04_Norte_Addon_2_z0_Base.png,285,0,0,0
quadros_compostos/group_01_type_00/look1210_g01_f04_Norte_Addon_2_z0_Mascara.png,0,0,0,0
quadros_compostos/group_01_type_00/look1210_g01_f04_Norte_Addon_2_z1_Base.png,286,287,58,0
quadros_compostos/group_01_type_00/look1210_g01_f04_Norte_Addon_2_z1_Mascara.png,0,0,0,0
quadros_compostos/group_01_type_00/look1210_g01_f04_Norte_Addon_3_z0_Base.png,288,0,0,0
quadros_compostos/group_01_type_00/look1210_g01_f04_Norte_Addon_3_z0_Mascara.png,0,0,0,0
quadros_compostos/group_01_type_00/look1210_g01_f04_Norte_Addon_3_z1_Base.png,289,0,0,0
quadros_compostos/group_01_type_00/look1210_g01_f04_Norte_Addon_3_z1_Mascara.png,0,0,0,0
quadros_compostos/group_01_type_00/look1210_g01_f04_Norte_Addon_4_z0_Base.png,290,0,0,0
quadros_compostos/group_01_type_00/look1210_g01_f04_Norte_Addon_4_z0_Mascara.png,0,0,0,0
quadros_compostos/group_01_type_00/look1210_g01_f04_Norte_Addon_4_z1_Base.png,291,0,0,0
quadros_compostos/group_01_type_00/look1210_g01_f04_Norte_Addon_4_z1_Mascara.png,0,0,0,0
quadros_compostos/group_01_type_00/look1210_g01_f04_Norte_Addon_5_z0_Base.png,63,0,64,0
quadros_compostos/group_01_type_00/look1210_g01_f04_Norte_Addon_5_z0_Mascara.png,0,0,0,0
quadros_compostos/group_01_type_00/look1210_g01_f04_Norte_Addon_5_z1_Base.png,0,0,65,0
quadros_compostos/group_01_type_00/look1210_g01_f04_Norte_Addon_5_z1_Mascara.png,0,0,0,0
quadros_compostos/group_01_type_00/look1210_g01_f04_Norte_Addon_6_z0_Base.png,66,67,0,0
quadros_compostos/group_01_type_00/look1210_g01_f04_Norte_Addon_6_z0_Mascara.png,0,0,0,0
quadros_compostos/group_01_type_00/look1210_g01_f04_Norte_Addon_6_z1_Base.png,0,68,0,0
quadros_compostos/group_01_type_00/look1210_g01_f04_Norte_Addon_6_z1_Mascara.png,0,0,0,0
quadros_compostos/group_01_type_00/look1210_g01_f04_Oeste_Addon_0_z0_Base.png,69,70,0,0
quadros_compostos/group_01_type_00/look1210_g01_f04_Oeste_Addon_0_z0_Mascara.png,71,72,0,0
quadros_compostos/group_01_type_00/look1210_g01_f04_Oeste_Addon_0_z1_Base.png,73,74,75,76
quadros_compostos/group_01_type_00/look1210_g01_f04_Oeste_Addon_0_z1_Mascara.png,77,78,79,80
quadros_compostos/group_01_type_00/look1210_g01_f04_Oeste_Addon_1_z0_Base.png,292,82,0,0
quadros_compostos/group_01_type_00/look1210_g01_f04_Oeste_Addon_1_z0_Mascara.png,0,0,0,0
quadros_compostos/group_01_type_00/look1210_g01_f04_Oeste_Addon_1_z1_Base.png,83,255,293,257
quadros_compostos/group_01_type_00/look1210_g01_f04_Oeste_Addon_1_z1_Mascara.png,0,0,0,0
quadros_compostos/group_01_type_00/look1210_g01_f04_Oeste_Addon_2_z0_Base.png,294,0,0,0
quadros_compostos/group_01_type_00/look1210_g01_f04_Oeste_Addon_2_z0_Mascara.png,0,0,0,0
quadros_compostos/group_01_type_00/look1210_g01_f04_Oeste_Addon_2_z1_Base.png,295,89,296,0
quadros_compostos/group_01_type_00/look1210_g01_f04_Oeste_Addon_2_z1_Mascara.png,0,0,0,0
quadros_compostos/group_01_type_00/look1210_g01_f04_Oeste_Addon_3_z0_Base.png,297,0,0,0
quadros_compostos/group_01_type_00/look1210_g01_f04_Oeste_Addon_3_z0_Mascara.png,0,0,0,0
quadros_compostos/group_01_type_00/look1210_g01_f04_Oeste_Addon_3_z1_Base.png,298,0,0,0
quadros_compostos/group_01_type_00/look1210_g01_f04_Oeste_Addon_3_z1_Mascara.png,0,0,0,0
quadros_compostos/group_01_type_00/look1210_g01_f04_Oeste_Addon_4_z0_Base.png,299,0,0,0
quadros_compostos/group_01_type_00/look1210_g01_f04_Oeste_Addon_4_z0_Mascara.png,0,0,0,0
quadros_compostos/group_01_type_00/look1210_g01_f04_Oeste_Addon_4_z1_Base.png,300,0,0,0
quadros_compostos/group_01_type_00/look1210_g01_f04_Oeste_Addon_4_z1_Mascara.png,0,0,0,0
quadros_compostos/group_01_type_00/look1210_g01_f04_Oeste_Addon_5_z0_Base.png,95,0,96,0
quadros_compostos/group_01_type_00/look1210_g01_f04_Oeste_Addon_5_z0_Mascara.png,0,0,0,0
quadros_compostos/group_01_type_00/look1210_g01_f04_Oeste_Addon_5_z1_Base.png,0,0,97,0
quadros_compostos/group_01_type_00/look1210_g01_f04_Oeste_Addon_5_z1_Mascara.png,0,0,0,0
quadros_compostos/group_01_type_00/look1210_g01_f04_Oeste_Addon_6_z0_Base.png,98,0,0,0
quadros_compostos/group_01_type_00/look1210_g01_f04_Oeste_Addon_6_z0_Mascara.png,0,0,0,0
quadros_compostos/group_01_type_00/look1210_g01_f04_Oeste_Addon_6_z1_Base.png,0,99,0,0
quadros_compostos/group_01_type_00/look1210_g01_f04_Oeste_Addon_6_z1_Mascara.png,0,0,0,0
quadros_compostos/group_01_type_00/look1210_g01_f04_Sul_Addon_0_z0_Base.png,264,101,102,0
quadros_compostos/group_01_type_00/look1210_g01_f04_Sul_Addon_0_z0_Mascara.png,221,104,105,0
quadros_compostos/group_01_type_00/look1210_g01_f04_Sul_Addon_0_z1_Base.png,106,107,108,109
quadros_compostos/group_01_type_00/look1210_g01_f04_Sul_Addon_0_z1_Mascara.png,110,0,111,112
quadros_compostos/group_01_type_00/look1210_g01_f04_Sul_Addon_1_z0_Base.png,301,0,223,0
quadros_compostos/group_01_type_00/look1210_g01_f04_Sul_Addon_1_z0_Mascara.png,0,0,0,0
quadros_compostos/group_01_type_00/look1210_g01_f04_Sul_Addon_1_z1_Base.png,0,0,302,303
quadros_compostos/group_01_type_00/look1210_g01_f04_Sul_Addon_1_z1_Mascara.png,0,0,0,0
quadros_compostos/group_01_type_00/look1210_g01_f04_Sul_Addon_2_z0_Base.png,304,118,0,0
quadros_compostos/group_01_type_00/look1210_g01_f04_Sul_Addon_2_z0_Mascara.png,0,0,0,0
quadros_compostos/group_01_type_00/look1210_g01_f04_Sul_Addon_2_z1_Base.png,119,120,305,306
quadros_compostos/group_01_type_00/look1210_g01_f04_Sul_Addon_2_z1_Mascara.png,0,0,0,0
quadros_compostos/group_01_type_00/look1210_g01_f04_Sul_Addon_3_z0_Base.png,230,0,0,0
quadros_compostos/group_01_type_00/look1210_g01_f04_Sul_Addon_3_z0_Mascara.png,0,0,0,0
quadros_compostos/group_01_type_00/look1210_g01_f04_Sul_Addon_3_z1_Base.png,307,0,125,0
quadros_compostos/group_01_type_00/look1210_g01_f04_Sul_Addon_3_z1_Mascara.png,0,0,0,0
quadros_compostos/group_01_type_00/look1210_g01_f04_Sul_Addon_4_z0_Base.png,308,0,0,0
quadros_compostos/group_01_type_00/look1210_g01_f04_Sul_Addon_4_z0_Mascara.png,0,0,0,0
quadros_compostos/group_01_type_00/look1210_g01_f04_Sul_Addon_4_z1_Base.png,309,0,0,0
quadros_compostos/group_01_type_00/look1210_g01_f04_Sul_Addon_4_z1_Mascara.png,0,0,0,0
quadros_compostos/group_01_type_00/look1210_g01_f04_Sul_Addon_5_z0_Base.png,128,129,0,0
quadros_compostos/group_01_type_00/look1210_g01_f04_Sul_Addon_5_z0_Mascara.png,0,0,0,0
quadros_compostos/group_01_type_00/look1210_g01_f04_Sul_Addon_5_z1_Base.png,130,131,0,132
quadros_compostos/group_01_type_00/look1210_g01_f04_Sul_Addon_5_z1_Mascara.png,0,0,0,0
quadros_compostos/group_01_type_00/look1210_g01_f04_Sul_Addon_6_z0_Base.png,133,0,0,0
quadros_compostos/group_01_type_00/look1210_g01_f04_Sul_Addon_6_z0_Mascara.png,0,0,0,0
quadros_compostos/group_01_type_00/look1210_g01_f04_Sul_Addon_6_z1_Base.png,134,0,135,0
quadros_compostos/group_01_type_00/look1210_g01_f04_Sul_Addon_6_z1_Mascara.png,0,0,0,0
quadros_compostos/group_01_type_00/look1210_g01_f05_Leste_Addon_0_z0_Base.png,310,2,3,0
quadros_compostos/group_01_type_00/look1210_g01_f05_Leste_Addon_0_z0_Mascara.png,185,5,6,0
quadros_compostos/group_01_type_00/look1210_g01_f05_Leste_Addon_0_z1_Base.png,7,311,9,10
quadros_compostos/group_01_type_00/look1210_g01_f05_Leste_Addon_0_z1_Mascara.png,11,312,0,13
quadros_compostos/group_01_type_00/look1210_g01_f05_Leste_Addon_1_z0_Base.png,313,187,0,0
quadros_compostos/group_01_type_00/look1210_g01_f05_Leste_Addon_1_z0_Mascara.png,0,0,0,0
quadros_compostos/group_01_type_00/look1210_g01_f05_Leste_Addon_1_z1_Base.png,0,314,0,315
quadros_compostos/group_01_type_00/look1210_g01_f05_Leste_Addon_1_z1_Mascara.png,0,0,0,0
quadros_compostos/group_01_type_00/look1210_g01_f05_Leste_Addon_2_z0_Base.png,316,0,19,0
quadros_compostos/group_01_type_00/look1210_g01_f05_Leste_Addon_2_z0_Mascara.png,0,0,0,0
quadros_compostos/group_01_type_00/look1210_g01_f05_Leste_Addon_2_z1_Base.png,317,318,319,320
quadros_compostos/group_01_type_00/look1210_g01_f05_Leste_Addon_2_z1_Mascara.png,0,0,0,0
quadros_compostos/group_01_type_00/look1210_g01_f05_Leste_Addon_3_z0_Base.png,321,0,0,0
quadros_compostos/group_01_type_00/look1210_g01_f05_Leste_Addon_3_z0_Mascara.png,0,0,0,0
quadros_compostos/group_01_type_00/look1210_g01_f05_Leste_Addon_3_z1_Base.png,280,26,0,0
quadros_compostos/group_01_type_00/look1210_g01_f05_Leste_Addon_3_z1_Mascara.png,0,0,0,0
quadros_compostos/group_01_type_00/look1210_g01_f05_Leste_Addon_4_z0_Base.png,322,0,0,0
quadros_compostos/group_01_type_00/look1210_g01_f05_Leste_Addon_4_z0_Mascara.png,0,0,0,0
quadros_compostos/group_01_type_00/look1210_g01_f05_Leste_Addon_4_z1_Base.png,323,0,0,0
quadros_compostos/group_01_type_00/look1210_g01_f05_Leste_Addon_4_z1_Mascara.png,0,0,0,0
quadros_compostos/group_01_type_00/look1210_g01_f05_Leste_Addon_5_z0_Base.png,29,30,0,0
quadros_compostos/group_01_type_00/look1210_g01_f05_Leste_Addon_5_z0_Mascara.png,0,0,0,0
quadros_compostos/group_01_type_00/look1210_g01_f05_Leste_Addon_5_z1_Base.png,31,32,0,0
quadros_compostos/group_01_type_00/look1210_g01_f05_Leste_Addon_5_z1_Mascara.png,0,0,0,0
quadros_compostos/group_01_type_00/look1210_g01_f05_Leste_Addon_6_z0_Base.png,33,0,34,0
quadros_compostos/group_01_type_00/look1210_g01_f05_Leste_Addon_6_z0_Mascara.png,0,0,0,0
quadros_compostos/group_01_type_00/look1210_g01_f05_Leste_Addon_6_z1_Base.png,35,0,36,0
quadros_compostos/group_01_type_00/look1210_g01_f05_Leste_Addon_6_z1_Mascara.png,0,0,0,0
quadros_compostos/group_01_type_00/look1210_g01_f05_Norte_Addon_0_z0_Base.png,37,0,38,0
quadros_compostos/group_01_type_00/look1210_g01_f05_Norte_Addon_0_z0_Mascara.png,39,0,40,0
quadros_compostos/group_01_type_00/look1210_g01_f05_Norte_Addon_0_z1_Base.png,41,42,43,44
quadros_compostos/group_01_type_00/look1210_g01_f05_Norte_Addon_0_z1_Mascara.png,45,46,47,48
quadros_compostos/group_01_type_00/look1210_g01_f05_Norte_Addon_1_z0_Base.png,324,0,50,0
quadros_compostos/group_01_type_00/look1210_g01_f05_Norte_Addon_1_z0_Mascara.png,0,0,0,0
quadros_compostos/group_01_type_00/look1210_g01_f05_Norte_Addon_1_z1_Base.png,51,325,326,327
quadros_compostos/group_01_type_00/look1210_g01_f05_Norte_Addon_1_z1_Mascara.png,0,0,0,0
quadros_compostos/group_01_type_00/look1210_g01_f05_Norte_Addon_2_z0_Base.png,328,0,0,0
quadros_compostos/group_01_type_00/look1210_g01_f05_Norte_Addon_2_z0_Mascara.png,0,0,0,0
quadros_compostos/group_01_type_00/look1210_g01_f05_Norte_Addon_2_z1_Base.png,329,330,58,0
quadros_compostos/group_01_type_00/look1210_g01_f05_Norte_Addon_2_z1_Mascara.png,0,0,0,0
quadros_compostos/group_01_type_00/look1210_g01_f05_Norte_Addon_3_z0_Base.png,331,0,0,0
quadros_compostos/group_01_type_00/look1210_g01_f05_Norte_Addon_3_z0_Mascara.png,0,0,0,0
quadros_compostos/group_01_type_00/look1210_g01_f05_Norte_Addon_3_z1_Base.png,332,0,0,0
quadros_compostos/group_01_type_00/look1210_g01_f05_Norte_Addon_3_z1_Mascara.png,0,0,0,0
quadros_compostos/group_01_type_00/look1210_g01_f05_Norte_Addon_4_z0_Base.png,333,0,0,0
quadros_compostos/group_01_type_00/look1210_g01_f05_Norte_Addon_4_z0_Mascara.png,0,0,0,0
quadros_compostos/group_01_type_00/look1210_g01_f05_Norte_Addon_4_z1_Base.png,334,0,0,0
quadros_compostos/group_01_type_00/look1210_g01_f05_Norte_Addon_4_z1_Mascara.png,0,0,0,0
quadros_compostos/group_01_type_00/look1210_g01_f05_Norte_Addon_5_z0_Base.png,63,0,64,0
quadros_compostos/group_01_type_00/look1210_g01_f05_Norte_Addon_5_z0_Mascara.png,0,0,0,0
quadros_compostos/group_01_type_00/look1210_g01_f05_Norte_Addon_5_z1_Base.png,0,0,65,0
quadros_compostos/group_01_type_00/look1210_g01_f05_Norte_Addon_5_z1_Mascara.png,0,0,0,0
quadros_compostos/group_01_type_00/look1210_g01_f05_Norte_Addon_6_z0_Base.png,66,67,0,0
quadros_compostos/group_01_type_00/look1210_g01_f05_Norte_Addon_6_z0_Mascara.png,0,0,0,0
quadros_compostos/group_01_type_00/look1210_g01_f05_Norte_Addon_6_z1_Base.png,0,68,0,0
quadros_compostos/group_01_type_00/look1210_g01_f05_Norte_Addon_6_z1_Mascara.png,0,0,0,0
quadros_compostos/group_01_type_00/look1210_g01_f05_Oeste_Addon_0_z0_Base.png,69,70,0,0
quadros_compostos/group_01_type_00/look1210_g01_f05_Oeste_Addon_0_z0_Mascara.png,71,72,0,0
quadros_compostos/group_01_type_00/look1210_g01_f05_Oeste_Addon_0_z1_Base.png,73,74,75,76
quadros_compostos/group_01_type_00/look1210_g01_f05_Oeste_Addon_0_z1_Mascara.png,77,78,79,80
quadros_compostos/group_01_type_00/look1210_g01_f05_Oeste_Addon_1_z0_Base.png,335,82,0,0
quadros_compostos/group_01_type_00/look1210_g01_f05_Oeste_Addon_1_z0_Mascara.png,0,0,0,0
quadros_compostos/group_01_type_00/look1210_g01_f05_Oeste_Addon_1_z1_Base.png,83,336,337,338
quadros_compostos/group_01_type_00/look1210_g01_f05_Oeste_Addon_1_z1_Mascara.png,0,0,0,0
quadros_compostos/group_01_type_00/look1210_g01_f05_Oeste_Addon_2_z0_Base.png,339,0,0,0
quadros_compostos/group_01_type_00/look1210_g01_f05_Oeste_Addon_2_z0_Mascara.png,0,0,0,0
quadros_compostos/group_01_type_00/look1210_g01_f05_Oeste_Addon_2_z1_Base.png,340,89,341,0
quadros_compostos/group_01_type_00/look1210_g01_f05_Oeste_Addon_2_z1_Mascara.png,0,0,0,0
quadros_compostos/group_01_type_00/look1210_g01_f05_Oeste_Addon_3_z0_Base.png,342,0,0,0
quadros_compostos/group_01_type_00/look1210_g01_f05_Oeste_Addon_3_z0_Mascara.png,0,0,0,0
quadros_compostos/group_01_type_00/look1210_g01_f05_Oeste_Addon_3_z1_Base.png,343,0,0,0
quadros_compostos/group_01_type_00/look1210_g01_f05_Oeste_Addon_3_z1_Mascara.png,0,0,0,0
quadros_compostos/group_01_type_00/look1210_g01_f05_Oeste_Addon_4_z0_Base.png,344,0,0,0
quadros_compostos/group_01_type_00/look1210_g01_f05_Oeste_Addon_4_z0_Mascara.png,0,0,0,0
quadros_compostos/group_01_type_00/look1210_g01_f05_Oeste_Addon_4_z1_Base.png,345,0,0,0
quadros_compostos/group_01_type_00/look1210_g01_f05_Oeste_Addon_4_z1_Mascara.png,0,0,0,0
quadros_compostos/group_01_type_00/look1210_g01_f05_Oeste_Addon_5_z0_Base.png,95,0,96,0
quadros_compostos/group_01_type_00/look1210_g01_f05_Oeste_Addon_5_z0_Mascara.png,0,0,0,0
quadros_compostos/group_01_type_00/look1210_g01_f05_Oeste_Addon_5_z1_Base.png,0,0,97,0
quadros_compostos/group_01_type_00/look1210_g01_f05_Oeste_Addon_5_z1_Mascara.png,0,0,0,0
quadros_compostos/group_01_type_00/look1210_g01_f05_Oeste_Addon_6_z0_Base.png,98,0,0,0
quadros_compostos/group_01_type_00/look1210_g01_f05_Oeste_Addon_6_z0_Mascara.png,0,0,0,0
quadros_compostos/group_01_type_00/look1210_g01_f05_Oeste_Addon_6_z1_Base.png,0,99,0,0
quadros_compostos/group_01_type_00/look1210_g01_f05_Oeste_Addon_6_z1_Mascara.png,0,0,0,0
quadros_compostos/group_01_type_00/look1210_g01_f05_Sul_Addon_0_z0_Base.png,346,101,102,0
quadros_compostos/group_01_type_00/look1210_g01_f05_Sul_Addon_0_z0_Mascara.png,221,104,105,0
quadros_compostos/group_01_type_00/look1210_g01_f05_Sul_Addon_0_z1_Base.png,106,107,347,109
quadros_compostos/group_01_type_00/look1210_g01_f05_Sul_Addon_0_z1_Mascara.png,110,0,348,112
quadros_compostos/group_01_type_00/look1210_g01_f05_Sul_Addon_1_z0_Base.png,349,0,223,0
quadros_compostos/group_01_type_00/look1210_g01_f05_Sul_Addon_1_z0_Mascara.png,0,0,0,0
quadros_compostos/group_01_type_00/look1210_g01_f05_Sul_Addon_1_z1_Base.png,0,0,350,351
quadros_compostos/group_01_type_00/look1210_g01_f05_Sul_Addon_1_z1_Mascara.png,0,0,0,0
quadros_compostos/group_01_type_00/look1210_g01_f05_Sul_Addon_2_z0_Base.png,352,118,0,0
quadros_compostos/group_01_type_00/look1210_g01_f05_Sul_Addon_2_z0_Mascara.png,0,0,0,0
quadros_compostos/group_01_type_00/look1210_g01_f05_Sul_Addon_2_z1_Base.png,353,354,355,356
quadros_compostos/group_01_type_00/look1210_g01_f05_Sul_Addon_2_z1_Mascara.png,0,0,0,0
quadros_compostos/group_01_type_00/look1210_g01_f05_Sul_Addon_3_z0_Base.png,357,0,0,0
quadros_compostos/group_01_type_00/look1210_g01_f05_Sul_Addon_3_z0_Mascara.png,0,0,0,0
quadros_compostos/group_01_type_00/look1210_g01_f05_Sul_Addon_3_z1_Base.png,307,0,125,0
quadros_compostos/group_01_type_00/look1210_g01_f05_Sul_Addon_3_z1_Mascara.png,0,0,0,0
quadros_compostos/group_01_type_00/look1210_g01_f05_Sul_Addon_4_z0_Base.png,358,0,0,0
quadros_compostos/group_01_type_00/look1210_g01_f05_Sul_Addon_4_z0_Mascara.png,0,0,0,0
quadros_compostos/group_01_type_00/look1210_g01_f05_Sul_Addon_4_z1_Base.png,359,0,0,0
quadros_compostos/group_01_type_00/look1210_g01_f05_Sul_Addon_4_z1_Mascara.png,0,0,0,0
quadros_compostos/group_01_type_00/look1210_g01_f05_Sul_Addon_5_z0_Base.png,128,129,0,0
quadros_compostos/group_01_type_00/look1210_g01_f05_Sul_Addon_5_z0_Mascara.png,0,0,0,0
quadros_compostos/group_01_type_00/look1210_g01_f05_Sul_Addon_5_z1_Base.png,130,131,0,132
quadros_compostos/group_01_type_00/look1210_g01_f05_Sul_Addon_5_z1_Mascara.png,0,0,0,0
quadros_compostos/group_01_type_00/look1210_g01_f05_Sul_Addon_6_z0_Base.png,133,0,0,0
quadros_compostos/group_01_type_00/look1210_g01_f05_Sul_Addon_6_z0_Mascara.png,0,0,0,0
quadros_compostos/group_01_type_00/look1210_g01_f05_Sul_Addon_6_z1_Base.png,134,0,135,0
quadros_compostos/group_01_type_00/look1210_g01_f05_Sul_Addon_6_z1_Mascara.png,0,0,0,0
quadros_compostos/group_01_type_00/look1210_g01_f06_Leste_Addon_0_z0_Base.png,1,2,3,0
quadros_compostos/group_01_type_00/look1210_g01_f06_Leste_Addon_0_z0_Mascara.png,4,5,6,0
quadros_compostos/group_01_type_00/look1210_g01_f06_Leste_Addon_0_z1_Base.png,7,8,9,10
quadros_compostos/group_01_type_00/look1210_g01_f06_Leste_Addon_0_z1_Mascara.png,11,12,0,13
quadros_compostos/group_01_type_00/look1210_g01_f06_Leste_Addon_1_z0_Base.png,360,187,0,0
quadros_compostos/group_01_type_00/look1210_g01_f06_Leste_Addon_1_z0_Mascara.png,0,0,0,0
quadros_compostos/group_01_type_00/look1210_g01_f06_Leste_Addon_1_z1_Base.png,0,314,0,315
quadros_compostos/group_01_type_00/look1210_g01_f06_Leste_Addon_1_z1_Mascara.png,0,0,0,0
quadros_compostos/group_01_type_00/look1210_g01_f06_Leste_Addon_2_z0_Base.png,361,0,19,0
quadros_compostos/group_01_type_00/look1210_g01_f06_Leste_Addon_2_z0_Mascara.png,0,0,0,0
quadros_compostos/group_01_type_00/look1210_g01_f06_Leste_Addon_2_z1_Base.png,317,362,363,364
quadros_compostos/group_01_type_00/look1210_g01_f06_Leste_Addon_2_z1_Mascara.png,0,0,0,0
quadros_compostos/group_01_type_00/look1210_g01_f06_Leste_Addon_3_z0_Base.png,24,0,0,0
quadros_compostos/group_01_type_00/look1210_g01_f06_Leste_Addon_3_z0_Mascara.png,0,0,0,0
quadros_compostos/group_01_type_00/look1210_g01_f06_Leste_Addon_3_z1_Base.png,365,26,0,0
quadros_compostos/group_01_type_00/look1210_g01_f06_Leste_Addon_3_z1_Mascara.png,0,0,0,0
quadros_compostos/group_01_type_00/look1210_g01_f06_Leste_Addon_4_z0_Base.png,366,0,0,0
quadros_compostos/group_01_type_00/look1210_g01_f06_Leste_Addon_4_z0_Mascara.png,0,0,0,0
quadros_compostos/group_01_type_00/look1210_g01_f06_Leste_Addon_4_z1_Base.png,367,0,0,0
quadros_compostos/group_01_type_00/look1210_g01_f06_Leste_Addon_4_z1_Mascara.png,0,0,0,0
quadros_compostos/group_01_type_00/look1210_g01_f06_Leste_Addon_5_z0_Base.png,29,30,0,0
quadros_compostos/group_01_type_00/look1210_g01_f06_Leste_Addon_5_z0_Mascara.png,0,0,0,0
quadros_compostos/group_01_type_00/look1210_g01_f06_Leste_Addon_5_z1_Base.png,31,32,0,0
quadros_compostos/group_01_type_00/look1210_g01_f06_Leste_Addon_5_z1_Mascara.png,0,0,0,0
quadros_compostos/group_01_type_00/look1210_g01_f06_Leste_Addon_6_z0_Base.png,33,0,34,0
quadros_compostos/group_01_type_00/look1210_g01_f06_Leste_Addon_6_z0_Mascara.png,0,0,0,0
quadros_compostos/group_01_type_00/look1210_g01_f06_Leste_Addon_6_z1_Base.png,35,0,36,0
quadros_compostos/group_01_type_00/look1210_g01_f06_Leste_Addon_6_z1_Mascara.png,0,0,0,0
quadros_compostos/group_01_type_00/look1210_g01_f06_Norte_Addon_0_z0_Base.png,37,0,38,0
quadros_compostos/group_01_type_00/look1210_g01_f06_Norte_Addon_0_z0_Mascara.png,39,0,40,0
quadros_compostos/group_01_type_00/look1210_g01_f06_Norte_Addon_0_z1_Base.png,41,42,43,44
quadros_compostos/group_01_type_00/look1210_g01_f06_Norte_Addon_0_z1_Mascara.png,45,46,47,48
quadros_compostos/group_01_type_00/look1210_g01_f06_Norte_Addon_1_z0_Base.png,368,0,50,0
quadros_compostos/group_01_type_00/look1210_g01_f06_Norte_Addon_1_z0_Mascara.png,0,0,0,0
quadros_compostos/group_01_type_00/look1210_g01_f06_Norte_Addon_1_z1_Base.png,51,369,370,371
quadros_compostos/group_01_type_00/look1210_g01_f06_Norte_Addon_1_z1_Mascara.png,0,0,0,0
quadros_compostos/group_01_type_00/look1210_g01_f06_Norte_Addon_2_z0_Base.png,372,0,0,0
quadros_compostos/group_01_type_00/look1210_g01_f06_Norte_Addon_2_z0_Mascara.png,0,0,0,0
quadros_compostos/group_01_type_00/look1210_g01_f06_Norte_Addon_2_z1_Base.png,373,374,58,0
quadros_compostos/group_01_type_00/look1210_g01_f06_Norte_Addon_2_z1_Mascara.png,0,0,0,0
quadros_compostos/group_01_type_00/look1210_g01_f06_Norte_Addon_3_z0_Base.png,375,0,0,0
quadros_compostos/group_01_type_00/look1210_g01_f06_Norte_Addon_3_z0_Mascara.png,0,0,0,0
quadros_compostos/group_01_type_00/look1210_g01_f06_Norte_Addon_3_z1_Base.png,376,0,0,0
quadros_compostos/group_01_type_00/look1210_g01_f06_Norte_Addon_3_z1_Mascara.png,0,0,0,0
quadros_compostos/group_01_type_00/look1210_g01_f06_Norte_Addon_4_z0_Base.png,377,0,0,0
quadros_compostos/group_01_type_00/look1210_g01_f06_Norte_Addon_4_z0_Mascara.png,0,0,0,0
quadros_compostos/group_01_type_00/look1210_g01_f06_Norte_Addon_4_z1_Base.png,334,0,0,0
quadros_compostos/group_01_type_00/look1210_g01_f06_Norte_Addon_4_z1_Mascara.png,0,0,0,0
quadros_compostos/group_01_type_00/look1210_g01_f06_Norte_Addon_5_z0_Base.png,63,0,64,0
quadros_compostos/group_01_type_00/look1210_g01_f06_Norte_Addon_5_z0_Mascara.png,0,0,0,0
quadros_compostos/group_01_type_00/look1210_g01_f06_Norte_Addon_5_z1_Base.png,0,0,65,0
quadros_compostos/group_01_type_00/look1210_g01_f06_Norte_Addon_5_z1_Mascara.png,0,0,0,0
quadros_compostos/group_01_type_00/look1210_g01_f06_Norte_Addon_6_z0_Base.png,66,67,0,0
quadros_compostos/group_01_type_00/look1210_g01_f06_Norte_Addon_6_z0_Mascara.png,0,0,0,0
quadros_compostos/group_01_type_00/look1210_g01_f06_Norte_Addon_6_z1_Base.png,0,68,0,0
quadros_compostos/group_01_type_00/look1210_g01_f06_Norte_Addon_6_z1_Mascara.png,0,0,0,0
quadros_compostos/group_01_type_00/look1210_g01_f06_Oeste_Addon_0_z0_Base.png,69,70,0,0
quadros_compostos/group_01_type_00/look1210_g01_f06_Oeste_Addon_0_z0_Mascara.png,71,72,0,0
quadros_compostos/group_01_type_00/look1210_g01_f06_Oeste_Addon_0_z1_Base.png,73,74,75,76
quadros_compostos/group_01_type_00/look1210_g01_f06_Oeste_Addon_0_z1_Mascara.png,77,78,79,80
quadros_compostos/group_01_type_00/look1210_g01_f06_Oeste_Addon_1_z0_Base.png,378,82,0,0
quadros_compostos/group_01_type_00/look1210_g01_f06_Oeste_Addon_1_z0_Mascara.png,0,0,0,0
quadros_compostos/group_01_type_00/look1210_g01_f06_Oeste_Addon_1_z1_Base.png,83,379,380,381
quadros_compostos/group_01_type_00/look1210_g01_f06_Oeste_Addon_1_z1_Mascara.png,0,0,0,0
quadros_compostos/group_01_type_00/look1210_g01_f06_Oeste_Addon_2_z0_Base.png,382,0,0,0
quadros_compostos/group_01_type_00/look1210_g01_f06_Oeste_Addon_2_z0_Mascara.png,0,0,0,0
quadros_compostos/group_01_type_00/look1210_g01_f06_Oeste_Addon_2_z1_Base.png,383,89,384,0
quadros_compostos/group_01_type_00/look1210_g01_f06_Oeste_Addon_2_z1_Mascara.png,0,0,0,0
quadros_compostos/group_01_type_00/look1210_g01_f06_Oeste_Addon_3_z0_Base.png,385,0,0,0
quadros_compostos/group_01_type_00/look1210_g01_f06_Oeste_Addon_3_z0_Mascara.png,0,0,0,0
quadros_compostos/group_01_type_00/look1210_g01_f06_Oeste_Addon_3_z1_Base.png,386,0,0,0
quadros_compostos/group_01_type_00/look1210_g01_f06_Oeste_Addon_3_z1_Mascara.png,0,0,0,0
quadros_compostos/group_01_type_00/look1210_g01_f06_Oeste_Addon_4_z0_Base.png,387,0,0,0
quadros_compostos/group_01_type_00/look1210_g01_f06_Oeste_Addon_4_z0_Mascara.png,0,0,0,0
quadros_compostos/group_01_type_00/look1210_g01_f06_Oeste_Addon_4_z1_Base.png,345,0,0,0
quadros_compostos/group_01_type_00/look1210_g01_f06_Oeste_Addon_4_z1_Mascara.png,0,0,0,0
quadros_compostos/group_01_type_00/look1210_g01_f06_Oeste_Addon_5_z0_Base.png,95,0,96,0
quadros_compostos/group_01_type_00/look1210_g01_f06_Oeste_Addon_5_z0_Mascara.png,0,0,0,0
quadros_compostos/group_01_type_00/look1210_g01_f06_Oeste_Addon_5_z1_Base.png,0,0,97,0
quadros_compostos/group_01_type_00/look1210_g01_f06_Oeste_Addon_5_z1_Mascara.png,0,0,0,0
quadros_compostos/group_01_type_00/look1210_g01_f06_Oeste_Addon_6_z0_Base.png,98,0,0,0
quadros_compostos/group_01_type_00/look1210_g01_f06_Oeste_Addon_6_z0_Mascara.png,0,0,0,0
quadros_compostos/group_01_type_00/look1210_g01_f06_Oeste_Addon_6_z1_Base.png,0,99,0,0
quadros_compostos/group_01_type_00/look1210_g01_f06_Oeste_Addon_6_z1_Mascara.png,0,0,0,0
quadros_compostos/group_01_type_00/look1210_g01_f06_Sul_Addon_0_z0_Base.png,100,101,102,0
quadros_compostos/group_01_type_00/look1210_g01_f06_Sul_Addon_0_z0_Mascara.png,103,104,105,0
quadros_compostos/group_01_type_00/look1210_g01_f06_Sul_Addon_0_z1_Base.png,106,107,108,109
quadros_compostos/group_01_type_00/look1210_g01_f06_Sul_Addon_0_z1_Mascara.png,110,0,111,112
quadros_compostos/group_01_type_00/look1210_g01_f06_Sul_Addon_1_z0_Base.png,388,0,223,0
quadros_compostos/group_01_type_00/look1210_g01_f06_Sul_Addon_1_z0_Mascara.png,0,0,0,0
quadros_compostos/group_01_type_00/look1210_g01_f06_Sul_Addon_1_z1_Base.png,0,0,350,351
quadros_compostos/group_01_type_00/look1210_g01_f06_Sul_Addon_1_z1_Mascara.png,0,0,0,0
quadros_compostos/group_01_type_00/look1210_g01_f06_Sul_Addon_2_z0_Base.png,389,118,0,0
quadros_compostos/group_01_type_00/look1210_g01_f06_Sul_Addon_2_z0_Mascara.png,0,0,0,0
quadros_compostos/group_01_type_00/look1210_g01_f06_Sul_Addon_2_z1_Base.png,353,390,391,392
quadros_compostos/group_01_type_00/look1210_g01_f06_Sul_Addon_2_z1_Mascara.png,0,0,0,0
quadros_compostos/group_01_type_00/look1210_g01_f06_Sul_Addon_3_z0_Base.png,123,0,0,0
quadros_compostos/group_01_type_00/look1210_g01_f06_Sul_Addon_3_z0_Mascara.png,0,0,0,0
quadros_compostos/group_01_type_00/look1210_g01_f06_Sul_Addon_3_z1_Base.png,393,0,125,0
quadros_compostos/group_01_type_00/look1210_g01_f06_Sul_Addon_3_z1_Mascara.png,0,0,0,0
quadros_compostos/group_01_type_00/look1210_g01_f06_Sul_Addon_4_z0_Base.png,394,0,0,0
quadros_compostos/group_01_type_00/look1210_g01_f06_Sul_Addon_4_z0_Mascara.png,0,0,0,0
quadros_compostos/group_01_type_00/look1210_g01_f06_Sul_Addon_4_z1_Base.png,395,0,0,0
quadros_compostos/group_01_type_00/look1210_g01_f06_Sul_Addon_4_z1_Mascara.png,0,0,0,0
quadros_compostos/group_01_type_00/look1210_g01_f06_Sul_Addon_5_z0_Base.png,128,129,0,0
quadros_compostos/group_01_type_00/look1210_g01_f06_Sul_Addon_5_z0_Mascara.png,0,0,0,0
quadros_compostos/group_01_type_00/look1210_g01_f06_Sul_Addon_5_z1_Base.png,130,131,0,132
quadros_compostos/group_01_type_00/look1210_g01_f06_Sul_Addon_5_z1_Mascara.png,0,0,0,0
quadros_compostos/group_01_type_00/look1210_g01_f06_Sul_Addon_6_z0_Base.png,133,0,0,0
quadros_compostos/group_01_type_00/look1210_g01_f06_Sul_Addon_6_z0_Mascara.png,0,0,0,0
quadros_compostos/group_01_type_00/look1210_g01_f06_Sul_Addon_6_z1_Base.png,134,0,135,0
quadros_compostos/group_01_type_00/look1210_g01_f06_Sul_Addon_6_z1_Mascara.png,0,0,0,0
quadros_compostos/group_01_type_00/look1210_g01_f07_Leste_Addon_0_z0_Base.png,1,2,3,0
quadros_compostos/group_01_type_00/look1210_g01_f07_Leste_Addon_0_z0_Mascara.png,4,5,6,0
quadros_compostos/group_01_type_00/look1210_g01_f07_Leste_Addon_0_z1_Base.png,7,396,9,10
quadros_compostos/group_01_type_00/look1210_g01_f07_Leste_Addon_0_z1_Mascara.png,11,12,0,13
quadros_compostos/group_01_type_00/look1210_g01_f07_Leste_Addon_1_z0_Base.png,397,187,0,0
quadros_compostos/group_01_type_00/look1210_g01_f07_Leste_Addon_1_z0_Mascara.png,0,0,0,0
quadros_compostos/group_01_type_00/look1210_g01_f07_Leste_Addon_1_z1_Base.png,0,398,0,315
quadros_compostos/group_01_type_00/look1210_g01_f07_Leste_Addon_1_z1_Mascara.png,0,0,0,0
quadros_compostos/group_01_type_00/look1210_g01_f07_Leste_Addon_2_z0_Base.png,399,0,19,0
quadros_compostos/group_01_type_00/look1210_g01_f07_Leste_Addon_2_z0_Mascara.png,0,0,0,0
quadros_compostos/group_01_type_00/look1210_g01_f07_Leste_Addon_2_z1_Base.png,400,401,22,402
quadros_compostos/group_01_type_00/look1210_g01_f07_Leste_Addon_2_z1_Mascara.png,0,0,0,0
quadros_compostos/group_01_type_00/look1210_g01_f07_Leste_Addon_3_z0_Base.png,24,0,0,0
quadros_compostos/group_01_type_00/look1210_g01_f07_Leste_Addon_3_z0_Mascara.png,0,0,0,0
quadros_compostos/group_01_type_00/look1210_g01_f07_Leste_Addon_3_z1_Base.png,403,26,0,0
quadros_compostos/group_01_type_00/look1210_g01_f07_Leste_Addon_3_z1_Mascara.png,0,0,0,0
quadros_compostos/group_01_type_00/look1210_g01_f07_Leste_Addon_4_z0_Base.png,404,0,0,0
quadros_compostos/group_01_type_00/look1210_g01_f07_Leste_Addon_4_z0_Mascara.png,0,0,0,0
quadros_compostos/group_01_type_00/look1210_g01_f07_Leste_Addon_4_z1_Base.png,405,0,0,0
quadros_compostos/group_01_type_00/look1210_g01_f07_Leste_Addon_4_z1_Mascara.png,0,0,0,0
quadros_compostos/group_01_type_00/look1210_g01_f07_Leste_Addon_5_z0_Base.png,29,30,0,0
quadros_compostos/group_01_type_00/look1210_g01_f07_Leste_Addon_5_z0_Mascara.png,0,0,0,0
quadros_compostos/group_01_type_00/look1210_g01_f07_Leste_Addon_5_z1_Base.png,31,32,0,0
quadros_compostos/group_01_type_00/look1210_g01_f07_Leste_Addon_5_z1_Mascara.png,0,0,0,0
quadros_compostos/group_01_type_00/look1210_g01_f07_Leste_Addon_6_z0_Base.png,33,0,34,0
quadros_compostos/group_01_type_00/look1210_g01_f07_Leste_Addon_6_z0_Mascara.png,0,0,0,0
quadros_compostos/group_01_type_00/look1210_g01_f07_Leste_Addon_6_z1_Base.png,35,0,36,0
quadros_compostos/group_01_type_00/look1210_g01_f07_Leste_Addon_6_z1_Mascara.png,0,0,0,0
quadros_compostos/group_01_type_00/look1210_g01_f07_Norte_Addon_0_z0_Base.png,37,0,38,0
quadros_compostos/group_01_type_00/look1210_g01_f07_Norte_Addon_0_z0_Mascara.png,39,0,40,0
quadros_compostos/group_01_type_00/look1210_g01_f07_Norte_Addon_0_z1_Base.png,41,42,43,44
quadros_compostos/group_01_type_00/look1210_g01_f07_Norte_Addon_0_z1_Mascara.png,45,46,47,48
quadros_compostos/group_01_type_00/look1210_g01_f07_Norte_Addon_1_z0_Base.png,406,0,50,0
quadros_compostos/group_01_type_00/look1210_g01_f07_Norte_Addon_1_z0_Mascara.png,0,0,0,0
quadros_compostos/group_01_type_00/look1210_g01_f07_Norte_Addon_1_z1_Base.png,51,325,326,407
quadros_compostos/group_01_type_00/look1210_g01_f07_Norte_Addon_1_z1_Mascara.png,0,0,0,0
quadros_compostos/group_01_type_00/look1210_g01_f07_Norte_Addon_2_z0_Base.png,408,0,0,0
quadros_compostos/group_01_type_00/look1210_g01_f07_Norte_Addon_2_z0_Mascara.png,0,0,0,0
quadros_compostos/group_01_type_00/look1210_g01_f07_Norte_Addon_2_z1_Base.png,409,410,58,0
quadros_compostos/group_01_type_00/look1210_g01_f07_Norte_Addon_2_z1_Mascara.png,0,0,0,0
quadros_compostos/group_01_type_00/look1210_g01_f07_Norte_Addon_3_z0_Base.png,288,0,0,0
quadros_compostos/group_01_type_00/look1210_g01_f07_Norte_Addon_3_z0_Mascara.png,0,0,0,0
quadros_compostos/group_01_type_00/look1210_g01_f07_Norte_Addon_3_z1_Base.png,411,0,0,0
quadros_compostos/group_01_type_00/look1210_g01_f07_Norte_Addon_3_z1_Mascara.png,0,0,0,0
quadros_compostos/group_01_type_00/look1210_g01_f07_Norte_Addon_4_z0_Base.png,377,0,0,0
quadros_compostos/group_01_type_00/look1210_g01_f07_Norte_Addon_4_z0_Mascara.png,0,0,0,0
quadros_compostos/group_01_type_00/look1210_g01_f07_Norte_Addon_4_z1_Base.png,291,0,0,0
quadros_compostos/group_01_type_00/look1210_g01_f07_Norte_Addon_4_z1_Mascara.png,0,0,0,0
quadros_compostos/group_01_type_00/look1210_g01_f07_Norte_Addon_5_z0_Base.png,63,0,64,0
quadros_compostos/group_01_type_00/look1210_g01_f07_Norte_Addon_5_z0_Mascara.png,0,0,0,0
quadros_compostos/group_01_type_00/look1210_g01_f07_Norte_Addon_5_z1_Base.png,0,0,65,0
quadros_compostos/group_01_type_00/look1210_g01_f07_Norte_Addon_5_z1_Mascara.png,0,0,0,0
quadros_compostos/group_01_type_00/look1210_g01_f07_Norte_Addon_6_z0_Base.png,66,67,0,0
quadros_compostos/group_01_type_00/look1210_g01_f07_Norte_Addon_6_z0_Mascara.png,0,0,0,0
quadros_compostos/group_01_type_00/look1210_g01_f07_Norte_Addon_6_z1_Base.png,0,68,0,0
quadros_compostos/group_01_type_00/look1210_g01_f07_Norte_Addon_6_z1_Mascara.png,0,0,0,0
quadros_compostos/group_01_type_00/look1210_g01_f07_Oeste_Addon_0_z0_Base.png,69,70,0,0
quadros_compostos/group_01_type_00/look1210_g01_f07_Oeste_Addon_0_z0_Mascara.png,71,72,0,0
quadros_compostos/group_01_type_00/look1210_g01_f07_Oeste_Addon_0_z1_Base.png,73,74,75,76
quadros_compostos/group_01_type_00/look1210_g01_f07_Oeste_Addon_0_z1_Mascara.png,77,78,79,80
quadros_compostos/group_01_type_00/look1210_g01_f07_Oeste_Addon_1_z0_Base.png,412,82,0,0
quadros_compostos/group_01_type_00/look1210_g01_f07_Oeste_Addon_1_z0_Mascara.png,0,0,0,0
quadros_compostos/group_01_type_00/look1210_g01_f07_Oeste_Addon_1_z1_Base.png,83,336,337,413
quadros_compostos/group_01_type_00/look1210_g01_f07_Oeste_Addon_1_z1_Mascara.png,0,0,0,0
quadros_compostos/group_01_type_00/look1210_g01_f07_Oeste_Addon_2_z0_Base.png,414,0,0,0
quadros_compostos/group_01_type_00/look1210_g01_f07_Oeste_Addon_2_z0_Mascara.png,0,0,0,0
quadros_compostos/group_01_type_00/look1210_g01_f07_Oeste_Addon_2_z1_Base.png,415,89,416,0
quadros_compostos/group_01_type_00/look1210_g01_f07_Oeste_Addon_2_z1_Mascara.png,0,0,0,0
quadros_compostos/group_01_type_00/look1210_g01_f07_Oeste_Addon_3_z0_Base.png,297,0,0,0
quadros_compostos/group_01_type_00/look1210_g01_f07_Oeste_Addon_3_z0_Mascara.png,0,0,0,0
quadros_compostos/group_01_type_00/look1210_g01_f07_Oeste_Addon_3_z1_Base.png,417,0,0,0
quadros_compostos/group_01_type_00/look1210_g01_f07_Oeste_Addon_3_z1_Mascara.png,0,0,0,0
quadros_compostos/group_01_type_00/look1210_g01_f07_Oeste_Addon_4_z0_Base.png,387,0,0,0
quadros_compostos/group_01_type_00/look1210_g01_f07_Oeste_Addon_4_z0_Mascara.png,0,0,0,0
quadros_compostos/group_01_type_00/look1210_g01_f07_Oeste_Addon_4_z1_Base.png,300,0,0,0
quadros_compostos/group_01_type_00/look1210_g01_f07_Oeste_Addon_4_z1_Mascara.png,0,0,0,0
quadros_compostos/group_01_type_00/look1210_g01_f07_Oeste_Addon_5_z0_Base.png,95,0,96,0
quadros_compostos/group_01_type_00/look1210_g01_f07_Oeste_Addon_5_z0_Mascara.png,0,0,0,0
quadros_compostos/group_01_type_00/look1210_g01_f07_Oeste_Addon_5_z1_Base.png,0,0,97,0
quadros_compostos/group_01_type_00/look1210_g01_f07_Oeste_Addon_5_z1_Mascara.png,0,0,0,0
quadros_compostos/group_01_type_00/look1210_g01_f07_Oeste_Addon_6_z0_Base.png,98,0,0,0
quadros_compostos/group_01_type_00/look1210_g01_f07_Oeste_Addon_6_z0_Mascara.png,0,0,0,0
quadros_compostos/group_01_type_00/look1210_g01_f07_Oeste_Addon_6_z1_Base.png,0,99,0,0
quadros_compostos/group_01_type_00/look1210_g01_f07_Oeste_Addon_6_z1_Mascara.png,0,0,0,0
quadros_compostos/group_01_type_00/look1210_g01_f07_Sul_Addon_0_z0_Base.png,100,101,102,0
quadros_compostos/group_01_type_00/look1210_g01_f07_Sul_Addon_0_z0_Mascara.png,103,104,105,0
quadros_compostos/group_01_type_00/look1210_g01_f07_Sul_Addon_0_z1_Base.png,106,107,418,109
quadros_compostos/group_01_type_00/look1210_g01_f07_Sul_Addon_0_z1_Mascara.png,110,0,111,112
quadros_compostos/group_01_type_00/look1210_g01_f07_Sul_Addon_1_z0_Base.png,419,0,223,0
quadros_compostos/group_01_type_00/look1210_g01_f07_Sul_Addon_1_z0_Mascara.png,0,0,0,0
quadros_compostos/group_01_type_00/look1210_g01_f07_Sul_Addon_1_z1_Base.png,0,0,420,351
quadros_compostos/group_01_type_00/look1210_g01_f07_Sul_Addon_1_z1_Mascara.png,0,0,0,0
quadros_compostos/group_01_type_00/look1210_g01_f07_Sul_Addon_2_z0_Base.png,421,118,0,0
quadros_compostos/group_01_type_00/look1210_g01_f07_Sul_Addon_2_z0_Mascara.png,0,0,0,0
quadros_compostos/group_01_type_00/look1210_g01_f07_Sul_Addon_2_z1_Base.png,422,120,423,424
quadros_compostos/group_01_type_00/look1210_g01_f07_Sul_Addon_2_z1_Mascara.png,0,0,0,0
quadros_compostos/group_01_type_00/look1210_g01_f07_Sul_Addon_3_z0_Base.png,123,0,0,0
quadros_compostos/group_01_type_00/look1210_g01_f07_Sul_Addon_3_z0_Mascara.png,0,0,0,0
quadros_compostos/group_01_type_00/look1210_g01_f07_Sul_Addon_3_z1_Base.png,425,0,125,0
quadros_compostos/group_01_type_00/look1210_g01_f07_Sul_Addon_3_z1_Mascara.png,0,0,0,0
quadros_compostos/group_01_type_00/look1210_g01_f07_Sul_Addon_4_z0_Base.png,426,0,0,0
quadros_compostos/group_01_type_00/look1210_g01_f07_Sul_Addon_4_z0_Mascara.png,0,0,0,0
quadros_compostos/group_01_type_00/look1210_g01_f07_Sul_Addon_4_z1_Base.png,427,0,0,0
quadros_compostos/group_01_type_00/look1210_g01_f07_Sul_Addon_4_z1_Mascara.png,0,0,0,0
quadros_compostos/group_01_type_00/look1210_g01_f07_Sul_Addon_5_z0_Base.png,128,129,0,0
quadros_compostos/group_01_type_00/look1210_g01_f07_Sul_Addon_5_z0_Mascara.png,0,0,0,0
quadros_compostos/group_01_type_00/look1210_g01_f07_Sul_Addon_5_z1_Base.png,130,131,0,132
quadros_compostos/group_01_type_00/look1210_g01_f07_Sul_Addon_5_z1_Mascara.png,0,0,0,0
quadros_compostos/group_01_type_00/look1210_g01_f07_Sul_Addon_6_z0_Base.png,133,0,0,0
quadros_compostos/group_01_type_00/look1210_g01_f07_Sul_Addon_6_z0_Mascara.png,0,0,0,0
quadros_compostos/group_01_type_00/look1210_g01_f07_Sul_Addon_6_z1_Base.png,134,0,135,0
quadros_compostos/group_01_type_00/look1210_g01_f07_Sul_Addon_6_z1_Mascara.png,0,0,0,0
quadros_compostos/group_02_type_01/look1210_g02_f00_Leste_Addon_0_z0_Base.png,428,2,0,0
quadros_compostos/group_02_type_01/look1210_g02_f00_Leste_Addon_0_z0_Mascara.png,429,5,0,0
quadros_compostos/group_02_type_01/look1210_g02_f00_Leste_Addon_0_z1_Base.png,430,431,432,433
quadros_compostos/group_02_type_01/look1210_g02_f00_Leste_Addon_0_z1_Mascara.png,434,435,0,436
quadros_compostos/group_02_type_01/look1210_g02_f00_Leste_Addon_1_z0_Base.png,437,187,0,0
quadros_compostos/group_02_type_01/look1210_g02_f00_Leste_Addon_1_z0_Mascara.png,0,0,0,0
quadros_compostos/group_02_type_01/look1210_g02_f00_Leste_Addon_1_z1_Base.png,0,438,0,439
quadros_compostos/group_02_type_01/look1210_g02_f00_Leste_Addon_1_z1_Mascara.png,0,0,0,0
quadros_compostos/group_02_type_01/look1210_g02_f00_Leste_Addon_2_z0_Base.png,440,0,441,0
quadros_compostos/group_02_type_01/look1210_g02_f00_Leste_Addon_2_z0_Mascara.png,0,0,0,0
quadros_compostos/group_02_type_01/look1210_g02_f00_Leste_Addon_2_z1_Base.png,442,443,444,445
quadros_compostos/group_02_type_01/look1210_g02_f00_Leste_Addon_2_z1_Mascara.png,0,0,0,0
quadros_compostos/group_02_type_01/look1210_g02_f00_Leste_Addon_3_z0_Base.png,446,0,0,0
quadros_compostos/group_02_type_01/look1210_g02_f00_Leste_Addon_3_z0_Mascara.png,0,0,0,0
quadros_compostos/group_02_type_01/look1210_g02_f00_Leste_Addon_3_z1_Base.png,447,448,0,0
quadros_compostos/group_02_type_01/look1210_g02_f00_Leste_Addon_3_z1_Mascara.png,0,0,0,0
quadros_compostos/group_02_type_01/look1210_g02_f00_Leste_Addon_4_z0_Base.png,449,0,0,0
quadros_compostos/group_02_type_01/look1210_g02_f00_Leste_Addon_4_z0_Mascara.png,0,0,0,0
quadros_compostos/group_02_type_01/look1210_g02_f00_Leste_Addon_4_z1_Base.png,450,0,0,0
quadros_compostos/group_02_type_01/look1210_g02_f00_Leste_Addon_4_z1_Mascara.png,0,0,0,0
quadros_compostos/group_02_type_01/look1210_g02_f00_Leste_Addon_5_z0_Base.png,29,30,0,0
quadros_compostos/group_02_type_01/look1210_g02_f00_Leste_Addon_5_z0_Mascara.png,0,0,0,0
quadros_compostos/group_02_type_01/look1210_g02_f00_Leste_Addon_5_z1_Base.png,451,452,0,0
quadros_compostos/group_02_type_01/look1210_g02_f00_Leste_Addon_5_z1_Mascara.png,0,0,0,0
quadros_compostos/group_02_type_01/look1210_g02_f00_Leste_Addon_6_z0_Base.png,33,0,34,0
quadros_compostos/group_02_type_01/look1210_g02_f00_Leste_Addon_6_z0_Mascara.png,0,0,0,0
quadros_compostos/group_02_type_01/look1210_g02_f00_Leste_Addon_6_z1_Base.png,453,0,454,0
quadros_compostos/group_02_type_01/look1210_g02_f00_Leste_Addon_6_z1_Mascara.png,0,0,0,0
quadros_compostos/group_02_type_01/look1210_g02_f00_Norte_Addon_0_z0_Base.png,455,0,0,0
quadros_compostos/group_02_type_01/look1210_g02_f00_Norte_Addon_0_z0_Mascara.png,456,0,0,0
quadros_compostos/group_02_type_01/look1210_g02_f00_Norte_Addon_0_z1_Base.png,457,458,459,460
quadros_compostos/group_02_type_01/look1210_g02_f00_Norte_Addon_0_z1_Mascara.png,461,462,463,464
quadros_compostos/group_02_type_01/look1210_g02_f00_Norte_Addon_1_z0_Base.png,465,0,0,0
quadros_compostos/group_02_type_01/look1210_g02_f00_Norte_Addon_1_z0_Mascara.png,0,0,0,0
quadros_compostos/group_02_type_01/look1210_g02_f00_Norte_Addon_1_z1_Base.png,466,467,468,469
quadros_compostos/group_02_type_01/look1210_g02_f00_Norte_Addon_1_z1_Mascara.png,0,0,0,0
quadros_compostos/group_02_type_01/look1210_g02_f00_Norte_Addon_2_z0_Base.png,470,0,0,0
quadros_compostos/group_02_type_01/look1210_g02_f00_Norte_Addon_2_z0_Mascara.png,0,0,0,0
quadros_compostos/group_02_type_01/look1210_g02_f00_Norte_Addon_2_z1_Base.png,471,472,473,0
quadros_compostos/group_02_type_01/look1210_g02_f00_Norte_Addon_2_z1_Mascara.png,0,0,0,0
quadros_compostos/group_02_type_01/look1210_g02_f00_Norte_Addon_3_z0_Base.png,474,0,0,0
quadros_compostos/group_02_type_01/look1210_g02_f00_Norte_Addon_3_z0_Mascara.png,0,0,0,0
quadros_compostos/group_02_type_01/look1210_g02_f00_Norte_Addon_3_z1_Base.png,475,0,0,0
quadros_compostos/group_02_type_01/look1210_g02_f00_Norte_Addon_3_z1_Mascara.png,0,0,0,0
quadros_compostos/group_02_type_01/look1210_g02_f00_Norte_Addon_4_z0_Base.png,476,0,0,0
quadros_compostos/group_02_type_01/look1210_g02_f00_Norte_Addon_4_z0_Mascara.png,0,0,0,0
quadros_compostos/group_02_type_01/look1210_g02_f00_Norte_Addon_4_z1_Base.png,477,0,0,0
quadros_compostos/group_02_type_01/look1210_g02_f00_Norte_Addon_4_z1_Mascara.png,0,0,0,0
quadros_compostos/group_02_type_01/look1210_g02_f00_Norte_Addon_5_z0_Base.png,478,0,0,0
quadros_compostos/group_02_type_01/look1210_g02_f00_Norte_Addon_5_z0_Mascara.png,0,0,0,0
quadros_compostos/group_02_type_01/look1210_g02_f00_Norte_Addon_5_z1_Base.png,0,0,479,0
quadros_compostos/group_02_type_01/look1210_g02_f00_Norte_Addon_5_z1_Mascara.png,0,0,0,0
quadros_compostos/group_02_type_01/look1210_g02_f00_Norte_Addon_6_z0_Base.png,480,0,0,0
quadros_compostos/group_02_type_01/look1210_g02_f00_Norte_Addon_6_z0_Mascara.png,0,0,0,0
quadros_compostos/group_02_type_01/look1210_g02_f00_Norte_Addon_6_z1_Base.png,0,481,0,0
quadros_compostos/group_02_type_01/look1210_g02_f00_Norte_Addon_6_z1_Mascara.png,0,0,0,0
quadros_compostos/group_02_type_01/look1210_g02_f00_Oeste_Addon_0_z0_Base.png,482,0,0,0
quadros_compostos/group_02_type_01/look1210_g02_f00_Oeste_Addon_0_z0_Mascara.png,483,0,0,0
quadros_compostos/group_02_type_01/look1210_g02_f00_Oeste_Addon_0_z1_Base.png,484,485,486,487
quadros_compostos/group_02_type_01/look1210_g02_f00_Oeste_Addon_0_z1_Mascara.png,488,489,490,491
quadros_compostos/group_02_type_01/look1210_g02_f00_Oeste_Addon_1_z0_Base.png,492,0,0,0
quadros_compostos/group_02_type_01/look1210_g02_f00_Oeste_Addon_1_z0_Mascara.png,0,0,0,0
quadros_compostos/group_02_type_01/look1210_g02_f00_Oeste_Addon_1_z1_Base.png,493,494,495,496
quadros_compostos/group_02_type_01/look1210_g02_f00_Oeste_Addon_1_z1_Mascara.png,0,0,0,0
quadros_compostos/group_02_type_01/look1210_g02_f00_Oeste_Addon_2_z0_Base.png,497,0,0,0
quadros_compostos/group_02_type_01/look1210_g02_f00_Oeste_Addon_2_z0_Mascara.png,0,0,0,0
quadros_compostos/group_02_type_01/look1210_g02_f00_Oeste_Addon_2_z1_Base.png,498,499,500,0
quadros_compostos/group_02_type_01/look1210_g02_f00_Oeste_Addon_2_z1_Mascara.png,0,0,0,0
quadros_compostos/group_02_type_01/look1210_g02_f00_Oeste_Addon_3_z0_Base.png,501,0,0,0
quadros_compostos/group_02_type_01/look1210_g02_f00_Oeste_Addon_3_z0_Mascara.png,0,0,0,0
quadros_compostos/group_02_type_01/look1210_g02_f00_Oeste_Addon_3_z1_Base.png,502,0,0,0
quadros_compostos/group_02_type_01/look1210_g02_f00_Oeste_Addon_3_z1_Mascara.png,0,0,0,0
quadros_compostos/group_02_type_01/look1210_g02_f00_Oeste_Addon_4_z0_Base.png,503,0,0,0
quadros_compostos/group_02_type_01/look1210_g02_f00_Oeste_Addon_4_z0_Mascara.png,0,0,0,0
quadros_compostos/group_02_type_01/look1210_g02_f00_Oeste_Addon_4_z1_Base.png,504,0,0,0
quadros_compostos/group_02_type_01/look1210_g02_f00_Oeste_Addon_4_z1_Mascara.png,0,0,0,0
quadros_compostos/group_02_type_01/look1210_g02_f00_Oeste_Addon_5_z0_Base.png,505,0,506,0
quadros_compostos/group_02_type_01/look1210_g02_f00_Oeste_Addon_5_z0_Mascara.png,0,0,0,0
quadros_compostos/group_02_type_01/look1210_g02_f00_Oeste_Addon_5_z1_Base.png,0,0,507,0
quadros_compostos/group_02_type_01/look1210_g02_f00_Oeste_Addon_5_z1_Mascara.png,0,0,0,0
quadros_compostos/group_02_type_01/look1210_g02_f00_Oeste_Addon_6_z0_Base.png,508,0,0,0
quadros_compostos/group_02_type_01/look1210_g02_f00_Oeste_Addon_6_z0_Mascara.png,0,0,0,0
quadros_compostos/group_02_type_01/look1210_g02_f00_Oeste_Addon_6_z1_Base.png,0,509,0,0
quadros_compostos/group_02_type_01/look1210_g02_f00_Oeste_Addon_6_z1_Mascara.png,0,0,0,0
quadros_compostos/group_02_type_01/look1210_g02_f00_Sul_Addon_0_z0_Base.png,510,0,102,0
quadros_compostos/group_02_type_01/look1210_g02_f00_Sul_Addon_0_z0_Mascara.png,511,0,105,0
quadros_compostos/group_02_type_01/look1210_g02_f00_Sul_Addon_0_z1_Base.png,512,513,514,515
quadros_compostos/group_02_type_01/look1210_g02_f00_Sul_Addon_0_z1_Mascara.png,516,0,517,518
quadros_compostos/group_02_type_01/look1210_g02_f00_Sul_Addon_1_z0_Base.png,519,0,223,0
quadros_compostos/group_02_type_01/look1210_g02_f00_Sul_Addon_1_z0_Mascara.png,0,0,0,0
quadros_compostos/group_02_type_01/look1210_g02_f00_Sul_Addon_1_z1_Base.png,0,0,520,521
quadros_compostos/group_02_type_01/look1210_g02_f00_Sul_Addon_1_z1_Mascara.png,0,0,0,0
quadros_compostos/group_02_type_01/look1210_g02_f00_Sul_Addon_2_z0_Base.png,522,523,0,0
quadros_compostos/group_02_type_01/look1210_g02_f00_Sul_Addon_2_z0_Mascara.png,0,0,0,0
quadros_compostos/group_02_type_01/look1210_g02_f00_Sul_Addon_2_z1_Base.png,524,525,526,527
quadros_compostos/group_02_type_01/look1210_g02_f00_Sul_Addon_2_z1_Mascara.png,0,0,0,0
quadros_compostos/group_02_type_01/look1210_g02_f00_Sul_Addon_3_z0_Base.png,528,0,0,0
quadros_compostos/group_02_type_01/look1210_g02_f00_Sul_Addon_3_z0_Mascara.png,0,0,0,0
quadros_compostos/group_02_type_01/look1210_g02_f00_Sul_Addon_3_z1_Base.png,529,0,530,0
quadros_compostos/group_02_type_01/look1210_g02_f00_Sul_Addon_3_z1_Mascara.png,0,0,0,0
quadros_compostos/group_02_type_01/look1210_g02_f00_Sul_Addon_4_z0_Base.png,531,0,0,0
quadros_compostos/group_02_type_01/look1210_g02_f00_Sul_Addon_4_z0_Mascara.png,0,0,0,0
quadros_compostos/group_02_type_01/look1210_g02_f00_Sul_Addon_4_z1_Base.png,532,0,0,0
quadros_compostos/group_02_type_01/look1210_g02_f00_Sul_Addon_4_z1_Mascara.png,0,0,0,0
quadros_compostos/group_02_type_01/look1210_g02_f00_Sul_Addon_5_z0_Base.png,128,129,0,0
quadros_compostos/group_02_type_01/look1210_g02_f00_Sul_Addon_5_z0_Mascara.png,0,0,0,0
quadros_compostos/group_02_type_01/look1210_g02_f00_Sul_Addon_5_z1_Base.png,533,534,0,535
quadros_compostos/group_02_type_01/look1210_g02_f00_Sul_Addon_5_z1_Mascara.png,0,0,0,0
quadros_compostos/group_02_type_01/look1210_g02_f00_Sul_Addon_6_z0_Base.png,133,0,0,0
quadros_compostos/group_02_type_01/look1210_g02_f00_Sul_Addon_6_z0_Mascara.png,0,0,0,0
quadros_compostos/group_02_type_01/look1210_g02_f00_Sul_Addon_6_z1_Base.png,536,0,537,0
quadros_compostos/group_02_type_01/look1210_g02_f00_Sul_Addon_6_z1_Mascara.png,0,0,0,0
quadros_compostos/group_02_type_01/look1210_g02_f01_Leste_Addon_0_z0_Base.png,538,539,540,0
quadros_compostos/group_02_type_01/look1210_g02_f01_Leste_Addon_0_z0_Mascara.png,541,542,543,0
quadros_compostos/group_02_type_01/look1210_g02_f01_Leste_Addon_0_z1_Base.png,544,8,9,10
quadros_compostos/group_02_type_01/look1210_g02_f01_Leste_Addon_0_z1_Mascara.png,545,12,0,13
quadros_compostos/group_02_type_01/look1210_g02_f01_Leste_Addon_1_z0_Base.png,546,547,548,0
quadros_compostos/group_02_type_01/look1210_g02_f01_Leste_Addon_1_z0_Mascara.png,0,0,0,0
quadros_compostos/group_02_type_01/look1210_g02_f01_Leste_Addon_1_z1_Base.png,0,549,0,550
quadros_compostos/group_02_type_01/look1210_g02_f01_Leste_Addon_1_z1_Mascara.png,0,0,0,0
quadros_compostos/group_02_type_01/look1210_g02_f01_Leste_Addon_2_z0_Base.png,551,0,552,0
quadros_compostos/group_02_type_01/look1210_g02_f01_Leste_Addon_2_z0_Mascara.png,0,0,0,0
quadros_compostos/group_02_type_01/look1210_g02_f01_Leste_Addon_2_z1_Base.png,20,553,22,554
quadros_compostos/group_02_type_01/look1210_g02_f01_Leste_Addon_2_z1_Mascara.png,0,0,0,0
quadros_compostos/group_02_type_01/look1210_g02_f01_Leste_Addon_3_z0_Base.png,555,0,0,0
quadros_compostos/group_02_type_01/look1210_g02_f01_Leste_Addon_3_z0_Mascara.png,0,0,0,0
quadros_compostos/group_02_type_01/look1210_g02_f01_Leste_Addon_3_z1_Base.png,556,557,0,0
quadros_compostos/group_02_type_01/look1210_g02_f01_Leste_Addon_3_z1_Mascara.png,0,0,0,0
quadros_compostos/group_02_type_01/look1210_g02_f01_Leste_Addon_4_z0_Base.png,558,0,0,0
quadros_compostos/group_02_type_01/look1210_g02_f01_Leste_Addon_4_z0_Mascara.png,0,0,0,0
quadros_compostos/group_02_type_01/look1210_g02_f01_Leste_Addon_4_z1_Base.png,559,0,0,0
quadros_compostos/group_02_type_01/look1210_g02_f01_Leste_Addon_4_z1_Mascara.png,0,0,0,0
quadros_compostos/group_02_type_01/look1210_g02_f01_Leste_Addon_5_z0_Base.png,560,561,0,0
quadros_compostos/group_02_type_01/look1210_g02_f01_Leste_Addon_5_z0_Mascara.png,0,0,0,0
quadros_compostos/group_02_type_01/look1210_g02_f01_Leste_Addon_5_z1_Base.png,31,32,0,0
quadros_compostos/group_02_type_01/look1210_g02_f01_Leste_Addon_5_z1_Mascara.png,0,0,0,0
quadros_compostos/group_02_type_01/look1210_g02_f01_Leste_Addon_6_z0_Base.png,562,0,563,0
quadros_compostos/group_02_type_01/look1210_g02_f01_Leste_Addon_6_z0_Mascara.png,0,0,0,0
quadros_compostos/group_02_type_01/look1210_g02_f01_Leste_Addon_6_z1_Base.png,35,0,36,0
quadros_compostos/group_02_type_01/look1210_g02_f01_Leste_Addon_6_z1_Mascara.png,0,0,0,0
quadros_compostos/group_02_type_01/look1210_g02_f01_Norte_Addon_0_z0_Base.png,564,0,38,0
quadros_compostos/group_02_type_01/look1210_g02_f01_Norte_Addon_0_z0_Mascara.png,565,0,40,0
quadros_compostos/group_02_type_01/look1210_g02_f01_Norte_Addon_0_z1_Base.png,566,567,568,569
quadros_compostos/group_02_type_01/look1210_g02_f01_Norte_Addon_0_z1_Mascara.png,570,571,572,573
quadros_compostos/group_02_type_01/look1210_g02_f01_Norte_Addon_1_z0_Base.png,406,0,50,0
quadros_compostos/group_02_type_01/look1210_g02_f01_Norte_Addon_1_z0_Mascara.png,0,0,0,0
quadros_compostos/group_02_type_01/look1210_g02_f01_Norte_Addon_1_z1_Base.png,574,575,576,577
quadros_compostos/group_02_type_01/look1210_g02_f01_Norte_Addon_1_z1_Mascara.png,0,0,0,0
quadros_compostos/group_02_type_01/look1210_g02_f01_Norte_Addon_2_z0_Base.png,578,0,0,0
quadros_compostos/group_02_type_01/look1210_g02_f01_Norte_Addon_2_z0_Mascara.png,0,0,0,0
quadros_compostos/group_02_type_01/look1210_g02_f01_Norte_Addon_2_z1_Base.png,579,580,581,0
quadros_compostos/group_02_type_01/look1210_g02_f01_Norte_Addon_2_z1_Mascara.png,0,0,0,0
quadros_compostos/group_02_type_01/look1210_g02_f01_Norte_Addon_3_z0_Base.png,582,0,0,0
quadros_compostos/group_02_type_01/look1210_g02_f01_Norte_Addon_3_z0_Mascara.png,0,0,0,0
quadros_compostos/group_02_type_01/look1210_g02_f01_Norte_Addon_3_z1_Base.png,583,0,0,0
quadros_compostos/group_02_type_01/look1210_g02_f01_Norte_Addon_3_z1_Mascara.png,0,0,0,0
quadros_compostos/group_02_type_01/look1210_g02_f01_Norte_Addon_4_z0_Base.png,584,0,0,0
quadros_compostos/group_02_type_01/look1210_g02_f01_Norte_Addon_4_z0_Mascara.png,0,0,0,0
quadros_compostos/group_02_type_01/look1210_g02_f01_Norte_Addon_4_z1_Base.png,585,0,0,0
quadros_compostos/group_02_type_01/look1210_g02_f01_Norte_Addon_4_z1_Mascara.png,0,0,0,0
quadros_compostos/group_02_type_01/look1210_g02_f01_Norte_Addon_5_z0_Base.png,586,0,587,0
quadros_compostos/group_02_type_01/look1210_g02_f01_Norte_Addon_5_z0_Mascara.png,0,0,0,0
quadros_compostos/group_02_type_01/look1210_g02_f01_Norte_Addon_5_z1_Base.png,0,0,588,0
quadros_compostos/group_02_type_01/look1210_g02_f01_Norte_Addon_5_z1_Mascara.png,0,0,0,0
quadros_compostos/group_02_type_01/look1210_g02_f01_Norte_Addon_6_z0_Base.png,589,590,0,0
quadros_compostos/group_02_type_01/look1210_g02_f01_Norte_Addon_6_z0_Mascara.png,0,0,0,0
quadros_compostos/group_02_type_01/look1210_g02_f01_Norte_Addon_6_z1_Base.png,0,591,0,0
quadros_compostos/group_02_type_01/look1210_g02_f01_Norte_Addon_6_z1_Mascara.png,0,0,0,0
quadros_compostos/group_02_type_01/look1210_g02_f01_Oeste_Addon_0_z0_Base.png,592,70,0,0
quadros_compostos/group_02_type_01/look1210_g02_f01_Oeste_Addon_0_z0_Mascara.png,593,72,0,0
quadros_compostos/group_02_type_01/look1210_g02_f01_Oeste_Addon_0_z1_Base.png,594,595,596,597
quadros_compostos/group_02_type_01/look1210_g02_f01_Oeste_Addon_0_z1_Mascara.png,598,599,600,601
quadros_compostos/group_02_type_01/look1210_g02_f01_Oeste_Addon_1_z0_Base.png,412,82,0,0
quadros_compostos/group_02_type_01/look1210_g02_f01_Oeste_Addon_1_z0_Mascara.png,0,0,0,0
quadros_compostos/group_02_type_01/look1210_g02_f01_Oeste_Addon_1_z1_Base.png,602,603,604,605
quadros_compostos/group_02_type_01/look1210_g02_f01_Oeste_Addon_1_z1_Mascara.png,0,0,0,0
quadros_compostos/group_02_type_01/look1210_g02_f01_Oeste_Addon_2_z0_Base.png,606,0,0,0
quadros_compostos/group_02_type_01/look1210_g02_f01_Oeste_Addon_2_z0_Mascara.png,0,0,0,0
quadros_compostos/group_02_type_01/look1210_g02_f01_Oeste_Addon_2_z1_Base.png,607,608,609,0
quadros_compostos/group_02_type_01/look1210_g02_f01_Oeste_Addon_2_z1_Mascara.png,0,0,0,0
quadros_compostos/group_02_type_01/look1210_g02_f01_Oeste_Addon_3_z0_Base.png,610,0,0,0
quadros_compostos/group_02_type_01/look1210_g02_f01_Oeste_Addon_3_z0_Mascara.png,0,0,0,0
quadros_compostos/group_02_type_01/look1210_g02_f01_Oeste_Addon_3_z1_Base.png,611,0,0,0
quadros_compostos/group_02_type_01/look1210_g02_f01_Oeste_Addon_3_z1_Mascara.png,0,0,0,0
quadros_compostos/group_02_type_01/look1210_g02_f01_Oeste_Addon_4_z0_Base.png,612,0,0,0
quadros_compostos/group_02_type_01/look1210_g02_f01_Oeste_Addon_4_z0_Mascara.png,0,0,0,0
quadros_compostos/group_02_type_01/look1210_g02_f01_Oeste_Addon_4_z1_Base.png,613,0,0,0
quadros_compostos/group_02_type_01/look1210_g02_f01_Oeste_Addon_4_z1_Mascara.png,0,0,0,0
quadros_compostos/group_02_type_01/look1210_g02_f01_Oeste_Addon_5_z0_Base.png,614,0,615,0
quadros_compostos/group_02_type_01/look1210_g02_f01_Oeste_Addon_5_z0_Mascara.png,0,0,0,0
quadros_compostos/group_02_type_01/look1210_g02_f01_Oeste_Addon_5_z1_Base.png,0,0,616,0
quadros_compostos/group_02_type_01/look1210_g02_f01_Oeste_Addon_5_z1_Mascara.png,0,0,0,0
quadros_compostos/group_02_type_01/look1210_g02_f01_Oeste_Addon_6_z0_Base.png,617,0,0,0
quadros_compostos/group_02_type_01/look1210_g02_f01_Oeste_Addon_6_z0_Mascara.png,0,0,0,0
quadros_compostos/group_02_type_01/look1210_g02_f01_Oeste_Addon_6_z1_Base.png,0,618,0,0
quadros_compostos/group_02_type_01/look1210_g02_f01_Oeste_Addon_6_z1_Mascara.png,0,0,0,0
quadros_compostos/group_02_type_01/look1210_g02_f01_Sul_Addon_0_z0_Base.png,619,620,621,0
quadros_compostos/group_02_type_01/look1210_g02_f01_Sul_Addon_0_z0_Mascara.png,622,623,624,0
quadros_compostos/group_02_type_01/look1210_g02_f01_Sul_Addon_0_z1_Base.png,625,107,108,109
quadros_compostos/group_02_type_01/look1210_g02_f01_Sul_Addon_0_z1_Mascara.png,626,0,111,112
quadros_compostos/group_02_type_01/look1210_g02_f01_Sul_Addon_1_z0_Base.png,627,628,629,0
quadros_compostos/group_02_type_01/look1210_g02_f01_Sul_Addon_1_z0_Mascara.png,0,0,0,0
quadros_compostos/group_02_type_01/look1210_g02_f01_Sul_Addon_1_z1_Base.png,0,0,630,631
quadros_compostos/group_02_type_01/look1210_g02_f01_Sul_Addon_1_z1_Mascara.png,0,0,0,0
quadros_compostos/group_02_type_01/look1210_g02_f01_Sul_Addon_2_z0_Base.png,632,633,0,0
quadros_compostos/group_02_type_01/look1210_g02_f01_Sul_Addon_2_z0_Mascara.png,0,0,0,0
quadros_compostos/group_02_type_01/look1210_g02_f01_Sul_Addon_2_z1_Base.png,119,120,634,635
quadros_compostos/group_02_type_01/look1210_g02_f01_Sul_Addon_2_z1_Mascara.png,0,0,0,0
quadros_compostos/group_02_type_01/look1210_g02_f01_Sul_Addon_3_z0_Base.png,636,0,0,0
quadros_compostos/group_02_type_01/look1210_g02_f01_Sul_Addon_3_z0_Mascara.png,0,0,0,0
quadros_compostos/group_02_type_01/look1210_g02_f01_Sul_Addon_3_z1_Base.png,637,0,638,0
quadros_compostos/group_02_type_01/look1210_g02_f01_Sul_Addon_3_z1_Mascara.png,0,0,0,0
quadros_compostos/group_02_type_01/look1210_g02_f01_Sul_Addon_4_z0_Base.png,639,0,0,0
quadros_compostos/group_02_type_01/look1210_g02_f01_Sul_Addon_4_z0_Mascara.png,0,0,0,0
quadros_compostos/group_02_type_01/look1210_g02_f01_Sul_Addon_4_z1_Base.png,640,0,0,0
quadros_compostos/group_02_type_01/look1210_g02_f01_Sul_Addon_4_z1_Mascara.png,0,0,0,0
quadros_compostos/group_02_type_01/look1210_g02_f01_Sul_Addon_5_z0_Base.png,641,642,0,0
quadros_compostos/group_02_type_01/look1210_g02_f01_Sul_Addon_5_z0_Mascara.png,0,0,0,0
quadros_compostos/group_02_type_01/look1210_g02_f01_Sul_Addon_5_z1_Base.png,130,131,0,132
quadros_compostos/group_02_type_01/look1210_g02_f01_Sul_Addon_5_z1_Mascara.png,0,0,0,0
quadros_compostos/group_02_type_01/look1210_g02_f01_Sul_Addon_6_z0_Base.png,643,0,0,0
quadros_compostos/group_02_type_01/look1210_g02_f01_Sul_Addon_6_z0_Mascara.png,0,0,0,0
quadros_compostos/group_02_type_01/look1210_g02_f01_Sul_Addon_6_z1_Base.png,134,0,135,0
quadros_compostos/group_02_type_01/look1210_g02_f01_Sul_Addon_6_z1_Mascara.png,0,0,0,0
quadros_compostos/group_02_type_01/look1210_g02_f02_Leste_Addon_0_z0_Base.png,644,2,3,0
quadros_compostos/group_02_type_01/look1210_g02_f02_Leste_Addon_0_z0_Mascara.png,645,5,6,0
quadros_compostos/group_02_type_01/look1210_g02_f02_Leste_Addon_0_z1_Base.png,646,647,648,649
quadros_compostos/group_02_type_01/look1210_g02_f02_Leste_Addon_0_z1_Mascara.png,650,651,0,652
quadros_compostos/group_02_type_01/look1210_g02_f02_Leste_Addon_1_z0_Base.png,653,187,0,0
quadros_compostos/group_02_type_01/look1210_g02_f02_Leste_Addon_1_z0_Mascara.png,0,0,0,0
quadros_compostos/group_02_type_01/look1210_g02_f02_Leste_Addon_1_z1_Base.png,0,654,0,655
quadros_compostos/group_02_type_01/look1210_g02_f02_Leste_Addon_1_z1_Mascara.png,0,0,0,0
quadros_compostos/group_02_type_01/look1210_g02_f02_Leste_Addon_2_z0_Base.png,656,0,19,0
quadros_compostos/group_02_type_01/look1210_g02_f02_Leste_Addon_2_z0_Mascara.png,0,0,0,0
quadros_compostos/group_02_type_01/look1210_g02_f02_Leste_Addon_2_z1_Base.png,657,658,659,660
quadros_compostos/group_02_type_01/look1210_g02_f02_Leste_Addon_2_z1_Mascara.png,0,0,0,0
quadros_compostos/group_02_type_01/look1210_g02_f02_Leste_Addon_3_z0_Base.png,661,0,0,0
quadros_compostos/group_02_type_01/look1210_g02_f02_Leste_Addon_3_z0_Mascara.png,0,0,0,0
quadros_compostos/group_02_type_01/look1210_g02_f02_Leste_Addon_3_z1_Base.png,662,663,0,0
quadros_compostos/group_02_type_01/look1210_g02_f02_Leste_Addon_3_z1_Mascara.png,0,0,0,0
quadros_compostos/group_02_type_01/look1210_g02_f02_Leste_Addon_4_z0_Base.png,664,0,0,0
quadros_compostos/group_02_type_01/look1210_g02_f02_Leste_Addon_4_z0_Mascara.png,0,0,0,0
quadros_compostos/group_02_type_01/look1210_g02_f02_Leste_Addon_4_z1_Base.png,665,0,0,0
quadros_compostos/group_02_type_01/look1210_g02_f02_Leste_Addon_4_z1_Mascara.png,0,0,0,0
quadros_compostos/group_02_type_01/look1210_g02_f02_Leste_Addon_5_z0_Base.png,666,667,0,0
quadros_compostos/group_02_type_01/look1210_g02_f02_Leste_Addon_5_z0_Mascara.png,0,0,0,0
quadros_compostos/group_02_type_01/look1210_g02_f02_Leste_Addon_5_z1_Base.png,668,669,0,0
quadros_compostos/group_02_type_01/look1210_g02_f02_Leste_Addon_5_z1_Mascara.png,0,0,0,0
quadros_compostos/group_02_type_01/look1210_g02_f02_Leste_Addon_6_z0_Base.png,670,0,671,0
quadros_compostos/group_02_type_01/look1210_g02_f02_Leste_Addon_6_z0_Mascara.png,0,0,0,0
quadros_compostos/group_02_type_01/look1210_g02_f02_Leste_Addon_6_z1_Base.png,672,0,673,0
quadros_compostos/group_02_type_01/look1210_g02_f02_Leste_Addon_6_z1_Mascara.png,0,0,0,0
quadros_compostos/group_02_type_01/look1210_g02_f02_Norte_Addon_0_z0_Base.png,674,675,676,0
quadros_compostos/group_02_type_01/look1210_g02_f02_Norte_Addon_0_z0_Mascara.png,677,678,679,0
quadros_compostos/group_02_type_01/look1210_g02_f02_Norte_Addon_0_z1_Base.png,680,458,459,460
quadros_compostos/group_02_type_01/look1210_g02_f02_Norte_Addon_0_z1_Mascara.png,681,462,463,464
quadros_compostos/group_02_type_01/look1210_g02_f02_Norte_Addon_1_z0_Base.png,682,683,684,0
quadros_compostos/group_02_type_01/look1210_g02_f02_Norte_Addon_1_z0_Mascara.png,0,0,0,0
quadros_compostos/group_02_type_01/look1210_g02_f02_Norte_Addon_1_z1_Base.png,466,467,468,469
quadros_compostos/group_02_type_01/look1210_g02_f02_Norte_Addon_1_z1_Mascara.png,0,0,0,0
quadros_compostos/group_02_type_01/look1210_g02_f02_Norte_Addon_2_z0_Base.png,685,686,0,0
quadros_compostos/group_02_type_01/look1210_g02_f02_Norte_Addon_2_z0_Mascara.png,0,0,0,0
quadros_compostos/group_02_type_01/look1210_g02_f02_Norte_Addon_2_z1_Base.png,687,472,473,0
quadros_compostos/group_02_type_01/look1210_g02_f02_Norte_Addon_2_z1_Mascara.png,0,0,0,0
quadros_compostos/group_02_type_01/look1210_g02_f02_Norte_Addon_3_z0_Base.png,688,0,0,0
quadros_compostos/group_02_type_01/look1210_g02_f02_Norte_Addon_3_z0_Mascara.png,0,0,0,0
quadros_compostos/group_02_type_01/look1210_g02_f02_Norte_Addon_3_z1_Base.png,689,0,0,0
quadros_compostos/group_02_type_01/look1210_g02_f02_Norte_Addon_3_z1_Mascara.png,0,0,0,0
quadros_compostos/group_02_type_01/look1210_g02_f02_Norte_Addon_4_z0_Base.png,690,0,0,0
quadros_compostos/group_02_type_01/look1210_g02_f02_Norte_Addon_4_z0_Mascara.png,0,0,0,0
quadros_compostos/group_02_type_01/look1210_g02_f02_Norte_Addon_4_z1_Base.png,691,0,0,0
quadros_compostos/group_02_type_01/look1210_g02_f02_Norte_Addon_4_z1_Mascara.png,0,0,0,0
quadros_compostos/group_02_type_01/look1210_g02_f02_Norte_Addon_5_z0_Base.png,692,0,693,0
quadros_compostos/group_02_type_01/look1210_g02_f02_Norte_Addon_5_z0_Mascara.png,0,0,0,0
quadros_compostos/group_02_type_01/look1210_g02_f02_Norte_Addon_5_z1_Base.png,0,0,479,0
quadros_compostos/group_02_type_01/look1210_g02_f02_Norte_Addon_5_z1_Mascara.png,0,0,0,0
quadros_compostos/group_02_type_01/look1210_g02_f02_Norte_Addon_6_z0_Base.png,694,695,0,0
quadros_compostos/group_02_type_01/look1210_g02_f02_Norte_Addon_6_z0_Mascara.png,0,0,0,0
quadros_compostos/group_02_type_01/look1210_g02_f02_Norte_Addon_6_z1_Base.png,0,481,0,0
quadros_compostos/group_02_type_01/look1210_g02_f02_Norte_Addon_6_z1_Mascara.png,0,0,0,0
quadros_compostos/group_02_type_01/look1210_g02_f02_Oeste_Addon_0_z0_Base.png,696,697,698,0
quadros_compostos/group_02_type_01/look1210_g02_f02_Oeste_Addon_0_z0_Mascara.png,699,700,701,0
quadros_compostos/group_02_type_01/look1210_g02_f02_Oeste_Addon_0_z1_Base.png,702,485,486,487
quadros_compostos/group_02_type_01/look1210_g02_f02_Oeste_Addon_0_z1_Mascara.png,703,489,490,491
quadros_compostos/group_02_type_01/look1210_g02_f02_Oeste_Addon_1_z0_Base.png,704,705,706,0
quadros_compostos/group_02_type_01/look1210_g02_f02_Oeste_Addon_1_z0_Mascara.png,0,0,0,0
quadros_compostos/group_02_type_01/look1210_g02_f02_Oeste_Addon_1_z1_Base.png,493,494,495,496
quadros_compostos/group_02_type_01/look1210_g02_f02_Oeste_Addon_1_z1_Mascara.png,0,0,0,0
quadros_compostos/group_02_type_01/look1210_g02_f02_Oeste_Addon_2_z0_Base.png,707,0,708,0
quadros_compostos/group_02_type_01/look1210_g02_f02_Oeste_Addon_2_z0_Mascara.png,0,0,0,0
quadros_compostos/group_02_type_01/look1210_g02_f02_Oeste_Addon_2_z1_Base.png,709,499,500,0
quadros_compostos/group_02_type_01/look1210_g02_f02_Oeste_Addon_2_z1_Mascara.png,0,0,0,0
quadros_compostos/group_02_type_01/look1210_g02_f02_Oeste_Addon_3_z0_Base.png,710,0,0,0
quadros_compostos/group_02_type_01/look1210_g02_f02_Oeste_Addon_3_z0_Mascara.png,0,0,0,0
quadros_compostos/group_02_type_01/look1210_g02_f02_Oeste_Addon_3_z1_Base.png,711,0,0,0
quadros_compostos/group_02_type_01/look1210_g02_f02_Oeste_Addon_3_z1_Mascara.png,0,0,0,0
quadros_compostos/group_02_type_01/look1210_g02_f02_Oeste_Addon_4_z0_Base.png,712,0,0,0
quadros_compostos/group_02_type_01/look1210_g02_f02_Oeste_Addon_4_z0_Mascara.png,0,0,0,0
quadros_compostos/group_02_type_01/look1210_g02_f02_Oeste_Addon_4_z1_Base.png,713,0,0,0
quadros_compostos/group_02_type_01/look1210_g02_f02_Oeste_Addon_4_z1_Mascara.png,0,0,0,0
quadros_compostos/group_02_type_01/look1210_g02_f02_Oeste_Addon_5_z0_Base.png,714,0,715,0
quadros_compostos/group_02_type_01/look1210_g02_f02_Oeste_Addon_5_z0_Mascara.png,0,0,0,0
quadros_compostos/group_02_type_01/look1210_g02_f02_Oeste_Addon_5_z1_Base.png,0,0,507,0
quadros_compostos/group_02_type_01/look1210_g02_f02_Oeste_Addon_5_z1_Mascara.png,0,0,0,0
quadros_compostos/group_02_type_01/look1210_g02_f02_Oeste_Addon_6_z0_Base.png,716,0,0,0
quadros_compostos/group_02_type_01/look1210_g02_f02_Oeste_Addon_6_z0_Mascara.png,0,0,0,0
quadros_compostos/group_02_type_01/look1210_g02_f02_Oeste_Addon_6_z1_Base.png,0,509,0,0
quadros_compostos/group_02_type_01/look1210_g02_f02_Oeste_Addon_6_z1_Mascara.png,0,0,0,0
quadros_compostos/group_02_type_01/look1210_g02_f02_Sul_Addon_0_z0_Base.png,717,101,102,0
quadros_compostos/group_02_type_01/look1210_g02_f02_Sul_Addon_0_z0_Mascara.png,718,104,105,0
quadros_compostos/group_02_type_01/look1210_g02_f02_Sul_Addon_0_z1_Base.png,719,720,721,722
quadros_compostos/group_02_type_01/look1210_g02_f02_Sul_Addon_0_z1_Mascara.png,723,0,724,725
quadros_compostos/group_02_type_01/look1210_g02_f02_Sul_Addon_1_z0_Base.png,726,0,223,0
quadros_compostos/group_02_type_01/look1210_g02_f02_Sul_Addon_1_z0_Mascara.png,0,0,0,0
quadros_compostos/group_02_type_01/look1210_g02_f02_Sul_Addon_1_z1_Base.png,0,0,727,728
quadros_compostos/group_02_type_01/look1210_g02_f02_Sul_Addon_1_z1_Mascara.png,0,0,0,0
quadros_compostos/group_02_type_01/look1210_g02_f02_Sul_Addon_2_z0_Base.png,729,118,0,0
quadros_compostos/group_02_type_01/look1210_g02_f02_Sul_Addon_2_z0_Mascara.png,0,0,0,0
quadros_compostos/group_02_type_01/look1210_g02_f02_Sul_Addon_2_z1_Base.png,730,731,732,733
quadros_compostos/group_02_type_01/look1210_g02_f02_Sul_Addon_2_z1_Mascara.png,0,0,0,0
quadros_compostos/group_02_type_01/look1210_g02_f02_Sul_Addon_3_z0_Base.png,734,0,0,0
quadros_compostos/group_02_type_01/look1210_g02_f02_Sul_Addon_3_z0_Mascara.png,0,0,0,0
quadros_compostos/group_02_type_01/look1210_g02_f02_Sul_Addon_3_z1_Base.png,735,0,736,0
quadros_compostos/group_02_type_01/look1210_g02_f02_Sul_Addon_3_z1_Mascara.png,0,0,0,0
quadros_compostos/group_02_type_01/look1210_g02_f02_Sul_Addon_4_z0_Base.png,737,0,0,0
quadros_compostos/group_02_type_01/look1210_g02_f02_Sul_Addon_4_z0_Mascara.png,0,0,0,0
quadros_compostos/group_02_type_01/look1210_g02_f02_Sul_Addon_4_z1_Base.png,738,0,0,0
quadros_compostos/group_02_type_01/look1210_g02_f02_Sul_Addon_4_z1_Mascara.png,0,0,0,0
quadros_compostos/group_02_type_01/look1210_g02_f02_Sul_Addon_5_z0_Base.png,739,740,0,0
quadros_compostos/group_02_type_01/look1210_g02_f02_Sul_Addon_5_z0_Mascara.png,0,0,0,0
quadros_compostos/group_02_type_01/look1210_g02_f02_Sul_Addon_5_z1_Base.png,741,742,0,743
quadros_compostos/group_02_type_01/look1210_g02_f02_Sul_Addon_5_z1_Mascara.png,0,0,0,0
quadros_compostos/group_02_type_01/look1210_g02_f02_Sul_Addon_6_z0_Base.png,744,0,0,0
quadros_compostos/group_02_type_01/look1210_g02_f02_Sul_Addon_6_z0_Mascara.png,0,0,0,0
quadros_compostos/group_02_type_01/look1210_g02_f02_Sul_Addon_6_z1_Base.png,745,0,746,0
quadros_compostos/group_02_type_01/look1210_g02_f02_Sul_Addon_6_z1_Mascara.png,0,0,0,0
quadros_compostos/group_02_type_01/look1210_g02_f03_Leste_Addon_0_z0_Base.png,747,0,0,0
quadros_compostos/group_02_type_01/look1210_g02_f03_Leste_Addon_0_z0_Mascara.png,748,0,0,0
quadros_compostos/group_02_type_01/look1210_g02_f03_Leste_Addon_0_z1_Base.png,749,8,9,10
quadros_compostos/group_02_type_01/look1210_g02_f03_Leste_Addon_0_z1_Mascara.png,750,12,0,13
quadros_compostos/group_02_type_01/look1210_g02_f03_Leste_Addon_1_z0_Base.png,751,752,0,0
quadros_compostos/group_02_type_01/look1210_g02_f03_Leste_Addon_1_z0_Mascara.png,0,0,0,0
quadros_compostos/group_02_type_01/look1210_g02_f03_Leste_Addon_1_z1_Base.png,0,549,0,550
quadros_compostos/group_02_type_01/look1210_g02_f03_Leste_Addon_1_z1_Mascara.png,0,0,0,0
quadros_compostos/group_02_type_01/look1210_g02_f03_Leste_Addon_2_z0_Base.png,753,0,754,0
quadros_compostos/group_02_type_01/look1210_g02_f03_Leste_Addon_2_z0_Mascara.png,0,0,0,0
quadros_compostos/group_02_type_01/look1210_g02_f03_Leste_Addon_2_z1_Base.png,20,755,22,756
quadros_compostos/group_02_type_01/look1210_g02_f03_Leste_Addon_2_z1_Mascara.png,0,0,0,0
quadros_compostos/group_02_type_01/look1210_g02_f03_Leste_Addon_3_z0_Base.png,757,0,0,0
quadros_compostos/group_02_type_01/look1210_g02_f03_Leste_Addon_3_z0_Mascara.png,0,0,0,0
quadros_compostos/group_02_type_01/look1210_g02_f03_Leste_Addon_3_z1_Base.png,758,557,0,0
quadros_compostos/group_02_type_01/look1210_g02_f03_Leste_Addon_3_z1_Mascara.png,0,0,0,0
quadros_compostos/group_02_type_01/look1210_g02_f03_Leste_Addon_4_z0_Base.png,759,0,0,0
quadros_compostos/group_02_type_01/look1210_g02_f03_Leste_Addon_4_z0_Mascara.png,0,0,0,0
quadros_compostos/group_02_type_01/look1210_g02_f03_Leste_Addon_4_z1_Base.png,760,0,0,0
quadros_compostos/group_02_type_01/look1210_g02_f03_Leste_Addon_4_z1_Mascara.png,0,0,0,0
quadros_compostos/group_02_type_01/look1210_g02_f03_Leste_Addon_5_z0_Base.png,761,762,0,0
quadros_compostos/group_02_type_01/look1210_g02_f03_Leste_Addon_5_z0_Mascara.png,0,0,0,0
quadros_compostos/group_02_type_01/look1210_g02_f03_Leste_Addon_5_z1_Base.png,31,32,0,0
quadros_compostos/group_02_type_01/look1210_g02_f03_Leste_Addon_5_z1_Mascara.png,0,0,0,0
quadros_compostos/group_02_type_01/look1210_g02_f03_Leste_Addon_6_z0_Base.png,763,0,764,0
quadros_compostos/group_02_type_01/look1210_g02_f03_Leste_Addon_6_z0_Mascara.png,0,0,0,0
quadros_compostos/group_02_type_01/look1210_g02_f03_Leste_Addon_6_z1_Base.png,35,0,36,0
quadros_compostos/group_02_type_01/look1210_g02_f03_Leste_Addon_6_z1_Mascara.png,0,0,0,0
quadros_compostos/group_02_type_01/look1210_g02_f03_Norte_Addon_0_z0_Base.png,765,0,38,0
quadros_compostos/group_02_type_01/look1210_g02_f03_Norte_Addon_0_z0_Mascara.png,766,0,40,0
quadros_compostos/group_02_type_01/look1210_g02_f03_Norte_Addon_0_z1_Base.png,767,768,43,44
quadros_compostos/group_02_type_01/look1210_g02_f03_Norte_Addon_0_z1_Mascara.png,769,46,47,48
quadros_compostos/group_02_type_01/look1210_g02_f03_Norte_Addon_1_z0_Base.png,406,0,50,0
quadros_compostos/group_02_type_01/look1210_g02_f03_Norte_Addon_1_z0_Mascara.png,0,0,0,0
quadros_compostos/group_02_type_01/look1210_g02_f03_Norte_Addon_1_z1_Base.png,51,325,326,407
quadros_compostos/group_02_type_01/look1210_g02_f03_Norte_Addon_1_z1_Mascara.png,0,0,0,0
quadros_compostos/group_02_type_01/look1210_g02_f03_Norte_Addon_2_z0_Base.png,770,0,0,0
quadros_compostos/group_02_type_01/look1210_g02_f03_Norte_Addon_2_z0_Mascara.png,0,0,0,0
quadros_compostos/group_02_type_01/look1210_g02_f03_Norte_Addon_2_z1_Base.png,771,772,58,0
quadros_compostos/group_02_type_01/look1210_g02_f03_Norte_Addon_2_z1_Mascara.png,0,0,0,0
quadros_compostos/group_02_type_01/look1210_g02_f03_Norte_Addon_3_z0_Base.png,773,0,0,0
quadros_compostos/group_02_type_01/look1210_g02_f03_Norte_Addon_3_z0_Mascara.png,0,0,0,0
quadros_compostos/group_02_type_01/look1210_g02_f03_Norte_Addon_3_z1_Base.png,774,0,0,0
quadros_compostos/group_02_type_01/look1210_g02_f03_Norte_Addon_3_z1_Mascara.png,0,0,0,0
quadros_compostos/group_02_type_01/look1210_g02_f03_Norte_Addon_4_z0_Base.png,775,0,0,0
quadros_compostos/group_02_type_01/look1210_g02_f03_Norte_Addon_4_z0_Mascara.png,0,0,0,0
quadros_compostos/group_02_type_01/look1210_g02_f03_Norte_Addon_4_z1_Base.png,776,0,0,0
quadros_compostos/group_02_type_01/look1210_g02_f03_Norte_Addon_4_z1_Mascara.png,0,0,0,0
quadros_compostos/group_02_type_01/look1210_g02_f03_Norte_Addon_5_z0_Base.png,777,0,778,0
quadros_compostos/group_02_type_01/look1210_g02_f03_Norte_Addon_5_z0_Mascara.png,0,0,0,0
quadros_compostos/group_02_type_01/look1210_g02_f03_Norte_Addon_5_z1_Base.png,0,0,65,0
quadros_compostos/group_02_type_01/look1210_g02_f03_Norte_Addon_5_z1_Mascara.png,0,0,0,0
quadros_compostos/group_02_type_01/look1210_g02_f03_Norte_Addon_6_z0_Base.png,779,780,0,0
quadros_compostos/group_02_type_01/look1210_g02_f03_Norte_Addon_6_z0_Mascara.png,0,0,0,0
quadros_compostos/group_02_type_01/look1210_g02_f03_Norte_Addon_6_z1_Base.png,0,68,0,0
quadros_compostos/group_02_type_01/look1210_g02_f03_Norte_Addon_6_z1_Mascara.png,0,0,0,0
quadros_compostos/group_02_type_01/look1210_g02_f03_Oeste_Addon_0_z0_Base.png,781,70,0,0
quadros_compostos/group_02_type_01/look1210_g02_f03_Oeste_Addon_0_z0_Mascara.png,782,72,0,0
quadros_compostos/group_02_type_01/look1210_g02_f03_Oeste_Addon_0_z1_Base.png,783,74,784,76
quadros_compostos/group_02_type_01/look1210_g02_f03_Oeste_Addon_0_z1_Mascara.png,785,78,79,80
quadros_compostos/group_02_type_01/look1210_g02_f03_Oeste_Addon_1_z0_Base.png,412,82,0,0
quadros_compostos/group_02_type_01/look1210_g02_f03_Oeste_Addon_1_z0_Mascara.png,0,0,0,0
quadros_compostos/group_02_type_01/look1210_g02_f03_Oeste_Addon_1_z1_Base.png,83,336,337,413
quadros_compostos/group_02_type_01/look1210_g02_f03_Oeste_Addon_1_z1_Mascara.png,0,0,0,0
quadros_compostos/group_02_type_01/look1210_g02_f03_Oeste_Addon_2_z0_Base.png,786,0,0,0
quadros_compostos/group_02_type_01/look1210_g02_f03_Oeste_Addon_2_z0_Mascara.png,0,0,0,0
quadros_compostos/group_02_type_01/look1210_g02_f03_Oeste_Addon_2_z1_Base.png,787,89,788,0
quadros_compostos/group_02_type_01/look1210_g02_f03_Oeste_Addon_2_z1_Mascara.png,0,0,0,0
quadros_compostos/group_02_type_01/look1210_g02_f03_Oeste_Addon_3_z0_Base.png,789,0,0,0
quadros_compostos/group_02_type_01/look1210_g02_f03_Oeste_Addon_3_z0_Mascara.png,0,0,0,0
quadros_compostos/group_02_type_01/look1210_g02_f03_Oeste_Addon_3_z1_Base.png,790,0,0,0
quadros_compostos/group_02_type_01/look1210_g02_f03_Oeste_Addon_3_z1_Mascara.png,0,0,0,0
quadros_compostos/group_02_type_01/look1210_g02_f03_Oeste_Addon_4_z0_Base.png,791,0,0,0
quadros_compostos/group_02_type_01/look1210_g02_f03_Oeste_Addon_4_z0_Mascara.png,0,0,0,0
quadros_compostos/group_02_type_01/look1210_g02_f03_Oeste_Addon_4_z1_Base.png,792,0,0,0
quadros_compostos/group_02_type_01/look1210_g02_f03_Oeste_Addon_4_z1_Mascara.png,0,0,0,0
quadros_compostos/group_02_type_01/look1210_g02_f03_Oeste_Addon_5_z0_Base.png,793,0,794,0
quadros_compostos/group_02_type_01/look1210_g02_f03_Oeste_Addon_5_z0_Mascara.png,0,0,0,0
quadros_compostos/group_02_type_01/look1210_g02_f03_Oeste_Addon_5_z1_Base.png,0,0,97,0
quadros_compostos/group_02_type_01/look1210_g02_f03_Oeste_Addon_5_z1_Mascara.png,0,0,0,0
quadros_compostos/group_02_type_01/look1210_g02_f03_Oeste_Addon_6_z0_Base.png,795,0,0,0
quadros_compostos/group_02_type_01/look1210_g02_f03_Oeste_Addon_6_z0_Mascara.png,0,0,0,0
quadros_compostos/group_02_type_01/look1210_g02_f03_Oeste_Addon_6_z1_Base.png,0,99,0,0
quadros_compostos/group_02_type_01/look1210_g02_f03_Oeste_Addon_6_z1_Mascara.png,0,0,0,0
quadros_compostos/group_02_type_01/look1210_g02_f03_Sul_Addon_0_z0_Base.png,796,0,0,0
quadros_compostos/group_02_type_01/look1210_g02_f03_Sul_Addon_0_z0_Mascara.png,797,0,0,0
quadros_compostos/group_02_type_01/look1210_g02_f03_Sul_Addon_0_z1_Base.png,798,107,108,109
quadros_compostos/group_02_type_01/look1210_g02_f03_Sul_Addon_0_z1_Mascara.png,799,0,111,112
quadros_compostos/group_02_type_01/look1210_g02_f03_Sul_Addon_1_z0_Base.png,800,0,801,0
quadros_compostos/group_02_type_01/look1210_g02_f03_Sul_Addon_1_z0_Mascara.png,0,0,0,0
quadros_compostos/group_02_type_01/look1210_g02_f03_Sul_Addon_1_z1_Base.png,0,0,630,631
quadros_compostos/group_02_type_01/look1210_g02_f03_Sul_Addon_1_z1_Mascara.png,0,0,0,0
quadros_compostos/group_02_type_01/look1210_g02_f03_Sul_Addon_2_z0_Base.png,802,803,0,0
quadros_compostos/group_02_type_01/look1210_g02_f03_Sul_Addon_2_z0_Mascara.png,0,0,0,0
quadros_compostos/group_02_type_01/look1210_g02_f03_Sul_Addon_2_z1_Base.png,119,120,804,805
quadros_compostos/group_02_type_01/look1210_g02_f03_Sul_Addon_2_z1_Mascara.png,0,0,0,0
quadros_compostos/group_02_type_01/look1210_g02_f03_Sul_Addon_3_z0_Base.png,806,0,0,0
quadros_compostos/group_02_type_01/look1210_g02_f03_Sul_Addon_3_z0_Mascara.png,0,0,0,0
quadros_compostos/group_02_type_01/look1210_g02_f03_Sul_Addon_3_z1_Base.png,807,0,638,0
quadros_compostos/group_02_type_01/look1210_g02_f03_Sul_Addon_3_z1_Mascara.png,0,0,0,0
quadros_compostos/group_02_type_01/look1210_g02_f03_Sul_Addon_4_z0_Base.png,808,0,0,0
quadros_compostos/group_02_type_01/look1210_g02_f03_Sul_Addon_4_z0_Mascara.png,0,0,0,0
quadros_compostos/group_02_type_01/look1210_g02_f03_Sul_Addon_4_z1_Base.png,809,0,0,0
quadros_compostos/group_02_type_01/look1210_g02_f03_Sul_Addon_4_z1_Mascara.png,0,0,0,0
quadros_compostos/group_02_type_01/look1210_g02_f03_Sul_Addon_5_z0_Base.png,810,811,0,0
quadros_compostos/group_02_type_01/look1210_g02_f03_Sul_Addon_5_z0_Mascara.png,0,0,0,0
quadros_compostos/group_02_type_01/look1210_g02_f03_Sul_Addon_5_z1_Base.png,130,131,0,132
quadros_compostos/group_02_type_01/look1210_g02_f03_Sul_Addon_5_z1_Mascara.png,0,0,0,0
quadros_compostos/group_02_type_01/look1210_g02_f03_Sul_Addon_6_z0_Base.png,812,0,0,0
quadros_compostos/group_02_type_01/look1210_g02_f03_Sul_Addon_6_z0_Mascara.png,0,0,0,0
quadros_compostos/group_02_type_01/look1210_g02_f03_Sul_Addon_6_z1_Base.png,134,0,135,0
quadros_compostos/group_02_type_01/look1210_g02_f03_Sul_Addon_6_z1_Mascara.png,0,0,0,0
quadros_compostos/group_02_type_01/look1210_g02_f04_Leste_Addon_0_z0_Base.png,813,2,814,0
quadros_compostos/group_02_type_01/look1210_g02_f04_Leste_Addon_0_z0_Mascara.png,815,5,816,0
quadros_compostos/group_02_type_01/look1210_g02_f04_Leste_Addon_0_z1_Base.png,430,431,432,817
quadros_compostos/group_02_type_01/look1210_g02_f04_Leste_Addon_0_z1_Mascara.png,434,435,0,818
quadros_compostos/group_02_type_01/look1210_g02_f04_Leste_Addon_1_z0_Base.png,653,187,0,0
quadros_compostos/group_02_type_01/look1210_g02_f04_Leste_Addon_1_z0_Mascara.png,0,0,0,0
quadros_compostos/group_02_type_01/look1210_g02_f04_Leste_Addon_1_z1_Base.png,0,438,0,439
quadros_compostos/group_02_type_01/look1210_g02_f04_Leste_Addon_1_z1_Mascara.png,0,0,0,0
quadros_compostos/group_02_type_01/look1210_g02_f04_Leste_Addon_2_z0_Base.png,819,0,820,0
quadros_compostos/group_02_type_01/look1210_g02_f04_Leste_Addon_2_z0_Mascara.png,0,0,0,0
quadros_compostos/group_02_type_01/look1210_g02_f04_Leste_Addon_2_z1_Base.png,442,821,822,823
quadros_compostos/group_02_type_01/look1210_g02_f04_Leste_Addon_2_z1_Mascara.png,0,0,0,0
quadros_compostos/group_02_type_01/look1210_g02_f04_Leste_Addon_3_z0_Base.png,824,0,0,0
quadros_compostos/group_02_type_01/look1210_g02_f04_Leste_Addon_3_z0_Mascara.png,0,0,0,0
quadros_compostos/group_02_type_01/look1210_g02_f04_Leste_Addon_3_z1_Base.png,447,448,0,0
quadros_compostos/group_02_type_01/look1210_g02_f04_Leste_Addon_3_z1_Mascara.png,0,0,0,0
quadros_compostos/group_02_type_01/look1210_g02_f04_Leste_Addon_4_z0_Base.png,825,0,0,0
quadros_compostos/group_02_type_01/look1210_g02_f04_Leste_Addon_4_z0_Mascara.png,0,0,0,0
quadros_compostos/group_02_type_01/look1210_g02_f04_Leste_Addon_4_z1_Base.png,826,0,0,0
quadros_compostos/group_02_type_01/look1210_g02_f04_Leste_Addon_4_z1_Mascara.png,0,0,0,0
quadros_compostos/group_02_type_01/look1210_g02_f04_Leste_Addon_5_z0_Base.png,827,828,0,0
quadros_compostos/group_02_type_01/look1210_g02_f04_Leste_Addon_5_z0_Mascara.png,0,0,0,0
quadros_compostos/group_02_type_01/look1210_g02_f04_Leste_Addon_5_z1_Base.png,451,452,0,0
quadros_compostos/group_02_type_01/look1210_g02_f04_Leste_Addon_5_z1_Mascara.png,0,0,0,0
quadros_compostos/group_02_type_01/look1210_g02_f04_Leste_Addon_6_z0_Base.png,829,0,830,0
quadros_compostos/group_02_type_01/look1210_g02_f04_Leste_Addon_6_z0_Mascara.png,0,0,0,0
quadros_compostos/group_02_type_01/look1210_g02_f04_Leste_Addon_6_z1_Base.png,453,0,454,0
quadros_compostos/group_02_type_01/look1210_g02_f04_Leste_Addon_6_z1_Mascara.png,0,0,0,0
quadros_compostos/group_02_type_01/look1210_g02_f04_Norte_Addon_0_z0_Base.png,831,0,0,0
quadros_compostos/group_02_type_01/look1210_g02_f04_Norte_Addon_0_z0_Mascara.png,832,0,0,0
quadros_compostos/group_02_type_01/look1210_g02_f04_Norte_Addon_0_z1_Base.png,457,458,459,460
quadros_compostos/group_02_type_01/look1210_g02_f04_Norte_Addon_0_z1_Mascara.png,461,462,463,464
quadros_compostos/group_02_type_01/look1210_g02_f04_Norte_Addon_1_z0_Base.png,465,0,0,0
quadros_compostos/group_02_type_01/look1210_g02_f04_Norte_Addon_1_z0_Mascara.png,0,0,0,0
quadros_compostos/group_02_type_01/look1210_g02_f04_Norte_Addon_1_z1_Base.png,466,467,468,469
quadros_compostos/group_02_type_01/look1210_g02_f04_Norte_Addon_1_z1_Mascara.png,0,0,0,0
quadros_compostos/group_02_type_01/look1210_g02_f04_Norte_Addon_2_z0_Base.png,833,0,0,0
quadros_compostos/group_02_type_01/look1210_g02_f04_Norte_Addon_2_z0_Mascara.png,0,0,0,0
quadros_compostos/group_02_type_01/look1210_g02_f04_Norte_Addon_2_z1_Base.png,471,472,473,0
quadros_compostos/group_02_type_01/look1210_g02_f04_Norte_Addon_2_z1_Mascara.png,0,0,0,0
quadros_compostos/group_02_type_01/look1210_g02_f04_Norte_Addon_3_z0_Base.png,834,0,0,0
quadros_compostos/group_02_type_01/look1210_g02_f04_Norte_Addon_3_z0_Mascara.png,0,0,0,0
quadros_compostos/group_02_type_01/look1210_g02_f04_Norte_Addon_3_z1_Base.png,835,0,0,0
quadros_compostos/group_02_type_01/look1210_g02_f04_Norte_Addon_3_z1_Mascara.png,0,0,0,0
quadros_compostos/group_02_type_01/look1210_g02_f04_Norte_Addon_4_z0_Base.png,836,0,0,0
quadros_compostos/group_02_type_01/look1210_g02_f04_Norte_Addon_4_z0_Mascara.png,0,0,0,0
quadros_compostos/group_02_type_01/look1210_g02_f04_Norte_Addon_4_z1_Base.png,837,0,0,0
quadros_compostos/group_02_type_01/look1210_g02_f04_Norte_Addon_4_z1_Mascara.png,0,0,0,0
quadros_compostos/group_02_type_01/look1210_g02_f04_Norte_Addon_5_z0_Base.png,63,0,64,0
quadros_compostos/group_02_type_01/look1210_g02_f04_Norte_Addon_5_z0_Mascara.png,0,0,0,0
quadros_compostos/group_02_type_01/look1210_g02_f04_Norte_Addon_5_z1_Base.png,0,0,479,0
quadros_compostos/group_02_type_01/look1210_g02_f04_Norte_Addon_5_z1_Mascara.png,0,0,0,0
quadros_compostos/group_02_type_01/look1210_g02_f04_Norte_Addon_6_z0_Base.png,838,0,0,0
quadros_compostos/group_02_type_01/look1210_g02_f04_Norte_Addon_6_z0_Mascara.png,0,0,0,0
quadros_compostos/group_02_type_01/look1210_g02_f04_Norte_Addon_6_z1_Base.png,0,481,0,0
quadros_compostos/group_02_type_01/look1210_g02_f04_Norte_Addon_6_z1_Mascara.png,0,0,0,0
quadros_compostos/group_02_type_01/look1210_g02_f04_Oeste_Addon_0_z0_Base.png,839,0,0,0
quadros_compostos/group_02_type_01/look1210_g02_f04_Oeste_Addon_0_z0_Mascara.png,840,0,0,0
quadros_compostos/group_02_type_01/look1210_g02_f04_Oeste_Addon_0_z1_Base.png,484,485,486,487
quadros_compostos/group_02_type_01/look1210_g02_f04_Oeste_Addon_0_z1_Mascara.png,488,489,490,491
quadros_compostos/group_02_type_01/look1210_g02_f04_Oeste_Addon_1_z0_Base.png,492,0,0,0
quadros_compostos/group_02_type_01/look1210_g02_f04_Oeste_Addon_1_z0_Mascara.png,0,0,0,0
quadros_compostos/group_02_type_01/look1210_g02_f04_Oeste_Addon_1_z1_Base.png,493,494,495,496
quadros_compostos/group_02_type_01/look1210_g02_f04_Oeste_Addon_1_z1_Mascara.png,0,0,0,0
quadros_compostos/group_02_type_01/look1210_g02_f04_Oeste_Addon_2_z0_Base.png,841,0,0,0
quadros_compostos/group_02_type_01/look1210_g02_f04_Oeste_Addon_2_z0_Mascara.png,0,0,0,0
quadros_compostos/group_02_type_01/look1210_g02_f04_Oeste_Addon_2_z1_Base.png,498,499,500,0
quadros_compostos/group_02_type_01/look1210_g02_f04_Oeste_Addon_2_z1_Mascara.png,0,0,0,0
quadros_compostos/group_02_type_01/look1210_g02_f04_Oeste_Addon_3_z0_Base.png,842,0,0,0
quadros_compostos/group_02_type_01/look1210_g02_f04_Oeste_Addon_3_z0_Mascara.png,0,0,0,0
quadros_compostos/group_02_type_01/look1210_g02_f04_Oeste_Addon_3_z1_Base.png,843,0,0,0
quadros_compostos/group_02_type_01/look1210_g02_f04_Oeste_Addon_3_z1_Mascara.png,0,0,0,0
quadros_compostos/group_02_type_01/look1210_g02_f04_Oeste_Addon_4_z0_Base.png,844,0,0,0
quadros_compostos/group_02_type_01/look1210_g02_f04_Oeste_Addon_4_z0_Mascara.png,0,0,0,0
quadros_compostos/group_02_type_01/look1210_g02_f04_Oeste_Addon_4_z1_Base.png,845,0,0,0
quadros_compostos/group_02_type_01/look1210_g02_f04_Oeste_Addon_4_z1_Mascara.png,0,0,0,0
quadros_compostos/group_02_type_01/look1210_g02_f04_Oeste_Addon_5_z0_Base.png,846,0,847,0
quadros_compostos/group_02_type_01/look1210_g02_f04_Oeste_Addon_5_z0_Mascara.png,0,0,0,0
quadros_compostos/group_02_type_01/look1210_g02_f04_Oeste_Addon_5_z1_Base.png,0,0,507,0
quadros_compostos/group_02_type_01/look1210_g02_f04_Oeste_Addon_5_z1_Mascara.png,0,0,0,0
quadros_compostos/group_02_type_01/look1210_g02_f04_Oeste_Addon_6_z0_Base.png,98,0,0,0
quadros_compostos/group_02_type_01/look1210_g02_f04_Oeste_Addon_6_z0_Mascara.png,0,0,0,0
quadros_compostos/group_02_type_01/look1210_g02_f04_Oeste_Addon_6_z1_Base.png,0,509,0,0
quadros_compostos/group_02_type_01/look1210_g02_f04_Oeste_Addon_6_z1_Mascara.png,0,0,0,0
quadros_compostos/group_02_type_01/look1210_g02_f04_Sul_Addon_0_z0_Base.png,848,849,102,0
quadros_compostos/group_02_type_01/look1210_g02_f04_Sul_Addon_0_z0_Mascara.png,850,851,105,0
quadros_compostos/group_02_type_01/look1210_g02_f04_Sul_Addon_0_z1_Base.png,512,513,514,852
quadros_compostos/group_02_type_01/look1210_g02_f04_Sul_Addon_0_z1_Mascara.png,516,0,517,853
quadros_compostos/group_02_type_01/look1210_g02_f04_Sul_Addon_1_z0_Base.png,726,0,223,0
quadros_compostos/group_02_type_01/look1210_g02_f04_Sul_Addon_1_z0_Mascara.png,0,0,0,0
quadros_compostos/group_02_type_01/look1210_g02_f04_Sul_Addon_1_z1_Base.png,0,0,520,521
quadros_compostos/group_02_type_01/look1210_g02_f04_Sul_Addon_1_z1_Mascara.png,0,0,0,0
quadros_compostos/group_02_type_01/look1210_g02_f04_Sul_Addon_2_z0_Base.png,854,855,0,0
quadros_compostos/group_02_type_01/look1210_g02_f04_Sul_Addon_2_z0_Mascara.png,0,0,0,0
quadros_compostos/group_02_type_01/look1210_g02_f04_Sul_Addon_2_z1_Base.png,524,856,857,858
quadros_compostos/group_02_type_01/look1210_g02_f04_Sul_Addon_2_z1_Mascara.png,0,0,0,0
quadros_compostos/group_02_type_01/look1210_g02_f04_Sul_Addon_3_z0_Base.png,859,0,0,0
quadros_compostos/group_02_type_01/look1210_g02_f04_Sul_Addon_3_z0_Mascara.png,0,0,0,0
quadros_compostos/group_02_type_01/look1210_g02_f04_Sul_Addon_3_z1_Base.png,529,0,530,0
quadros_compostos/group_02_type_01/look1210_g02_f04_Sul_Addon_3_z1_Mascara.png,0,0,0,0
quadros_compostos/group_02_type_01/look1210_g02_f04_Sul_Addon_4_z0_Base.png,860,0,0,0
quadros_compostos/group_02_type_01/look1210_g02_f04_Sul_Addon_4_z0_Mascara.png,0,0,0,0
quadros_compostos/group_02_type_01/look1210_g02_f04_Sul_Addon_4_z1_Base.png,861,0,0,0
quadros_compostos/group_02_type_01/look1210_g02_f04_Sul_Addon_4_z1_Mascara.png,0,0,0,0
quadros_compostos/group_02_type_01/look1210_g02_f04_Sul_Addon_5_z0_Base.png,862,863,0,0
quadros_compostos/group_02_type_01/look1210_g02_f04_Sul_Addon_5_z0_Mascara.png,0,0,0,0
quadros_compostos/group_02_type_01/look1210_g02_f04_Sul_Addon_5_z1_Base.png,533,534,0,535
quadros_compostos/group_02_type_01/look1210_g02_f04_Sul_Addon_5_z1_Mascara.png,0,0,0,0
quadros_compostos/group_02_type_01/look1210_g02_f04_Sul_Addon_6_z0_Base.png,864,0,0,0
quadros_compostos/group_02_type_01/look1210_g02_f04_Sul_Addon_6_z0_Mascara.png,0,0,0,0
quadros_compostos/group_02_type_01/look1210_g02_f04_Sul_Addon_6_z1_Base.png,536,0,537,0
quadros_compostos/group_02_type_01/look1210_g02_f04_Sul_Addon_6_z1_Mascara.png,0,0,0,0
quadros_compostos/group_02_type_01/look1210_g02_f05_Leste_Addon_0_z0_Base.png,865,539,866,0
quadros_compostos/group_02_type_01/look1210_g02_f05_Leste_Addon_0_z0_Mascara.png,867,542,868,0
quadros_compostos/group_02_type_01/look1210_g02_f05_Leste_Addon_0_z1_Base.png,869,870,9,871
quadros_compostos/group_02_type_01/look1210_g02_f05_Leste_Addon_0_z1_Mascara.png,872,12,0,13
quadros_compostos/group_02_type_01/look1210_g02_f05_Leste_Addon_1_z0_Base.png,873,547,548,0
quadros_compostos/group_02_type_01/look1210_g02_f05_Leste_Addon_1_z0_Mascara.png,0,0,0,0
quadros_compostos/group_02_type_01/look1210_g02_f05_Leste_Addon_1_z1_Base.png,0,549,0,550
quadros_compostos/group_02_type_01/look1210_g02_f05_Leste_Addon_1_z1_Mascara.png,0,0,0,0
quadros_compostos/group_02_type_01/look1210_g02_f05_Leste_Addon_2_z0_Base.png,874,0,875,0
quadros_compostos/group_02_type_01/look1210_g02_f05_Leste_Addon_2_z0_Mascara.png,0,0,0,0
quadros_compostos/group_02_type_01/look1210_g02_f05_Leste_Addon_2_z1_Base.png,20,876,22,877
quadros_compostos/group_02_type_01/look1210_g02_f05_Leste_Addon_2_z1_Mascara.png,0,0,0,0
quadros_compostos/group_02_type_01/look1210_g02_f05_Leste_Addon_3_z0_Base.png,878,0,0,0
quadros_compostos/group_02_type_01/look1210_g02_f05_Leste_Addon_3_z0_Mascara.png,0,0,0,0
quadros_compostos/group_02_type_01/look1210_g02_f05_Leste_Addon_3_z1_Base.png,879,26,0,0
quadros_compostos/group_02_type_01/look1210_g02_f05_Leste_Addon_3_z1_Mascara.png,0,0,0,0
quadros_compostos/group_02_type_01/look1210_g02_f05_Leste_Addon_4_z0_Base.png,880,0,0,0
quadros_compostos/group_02_type_01/look1210_g02_f05_Leste_Addon_4_z0_Mascara.png,0,0,0,0
quadros_compostos/group_02_type_01/look1210_g02_f05_Leste_Addon_4_z1_Base.png,881,0,0,0
quadros_compostos/group_02_type_01/look1210_g02_f05_Leste_Addon_4_z1_Mascara.png,0,0,0,0
quadros_compostos/group_02_type_01/look1210_g02_f05_Leste_Addon_5_z0_Base.png,882,883,0,0
quadros_compostos/group_02_type_01/look1210_g02_f05_Leste_Addon_5_z0_Mascara.png,0,0,0,0
quadros_compostos/group_02_type_01/look1210_g02_f05_Leste_Addon_5_z1_Base.png,31,32,0,0
quadros_compostos/group_02_type_01/look1210_g02_f05_Leste_Addon_5_z1_Mascara.png,0,0,0,0
quadros_compostos/group_02_type_01/look1210_g02_f05_Leste_Addon_6_z0_Base.png,884,0,885,0
quadros_compostos/group_02_type_01/look1210_g02_f05_Leste_Addon_6_z0_Mascara.png,0,0,0,0
quadros_compostos/group_02_type_01/look1210_g02_f05_Leste_Addon_6_z1_Base.png,35,0,36,0
quadros_compostos/group_02_type_01/look1210_g02_f05_Leste_Addon_6_z1_Mascara.png,0,0,0,0
quadros_compostos/group_02_type_01/look1210_g02_f05_Norte_Addon_0_z0_Base.png,886,0,38,0
quadros_compostos/group_02_type_01/look1210_g02_f05_Norte_Addon_0_z0_Mascara.png,887,0,40,0
quadros_compostos/group_02_type_01/look1210_g02_f05_Norte_Addon_0_z1_Base.png,888,567,568,569
quadros_compostos/group_02_type_01/look1210_g02_f05_Norte_Addon_0_z1_Mascara.png,889,571,572,573
quadros_compostos/group_02_type_01/look1210_g02_f05_Norte_Addon_1_z0_Base.png,406,0,50,0
quadros_compostos/group_02_type_01/look1210_g02_f05_Norte_Addon_1_z0_Mascara.png,0,0,0,0
quadros_compostos/group_02_type_01/look1210_g02_f05_Norte_Addon_1_z1_Base.png,574,575,576,577
quadros_compostos/group_02_type_01/look1210_g02_f05_Norte_Addon_1_z1_Mascara.png,0,0,0,0
quadros_compostos/group_02_type_01/look1210_g02_f05_Norte_Addon_2_z0_Base.png,890,0,0,0
quadros_compostos/group_02_type_01/look1210_g02_f05_Norte_Addon_2_z0_Mascara.png,0,0,0,0
quadros_compostos/group_02_type_01/look1210_g02_f05_Norte_Addon_2_z1_Base.png,579,580,581,0
quadros_compostos/group_02_type_01/look1210_g02_f05_Norte_Addon_2_z1_Mascara.png,0,0,0,0
quadros_compostos/group_02_type_01/look1210_g02_f05_Norte_Addon_3_z0_Base.png,891,0,0,0
quadros_compostos/group_02_type_01/look1210_g02_f05_Norte_Addon_3_z0_Mascara.png,0,0,0,0
quadros_compostos/group_02_type_01/look1210_g02_f05_Norte_Addon_3_z1_Base.png,892,0,0,0
quadros_compostos/group_02_type_01/look1210_g02_f05_Norte_Addon_3_z1_Mascara.png,0,0,0,0
quadros_compostos/group_02_type_01/look1210_g02_f05_Norte_Addon_4_z0_Base.png,893,0,0,0
quadros_compostos/group_02_type_01/look1210_g02_f05_Norte_Addon_4_z0_Mascara.png,0,0,0,0
quadros_compostos/group_02_type_01/look1210_g02_f05_Norte_Addon_4_z1_Base.png,894,0,0,0
quadros_compostos/group_02_type_01/look1210_g02_f05_Norte_Addon_4_z1_Mascara.png,0,0,0,0
quadros_compostos/group_02_type_01/look1210_g02_f05_Norte_Addon_5_z0_Base.png,586,0,587,0
quadros_compostos/group_02_type_01/look1210_g02_f05_Norte_Addon_5_z0_Mascara.png,0,0,0,0
quadros_compostos/group_02_type_01/look1210_g02_f05_Norte_Addon_5_z1_Base.png,0,0,588,0
quadros_compostos/group_02_type_01/look1210_g02_f05_Norte_Addon_5_z1_Mascara.png,0,0,0,0
quadros_compostos/group_02_type_01/look1210_g02_f05_Norte_Addon_6_z0_Base.png,895,0,0,0
quadros_compostos/group_02_type_01/look1210_g02_f05_Norte_Addon_6_z0_Mascara.png,0,0,0,0
quadros_compostos/group_02_type_01/look1210_g02_f05_Norte_Addon_6_z1_Base.png,0,591,0,0
quadros_compostos/group_02_type_01/look1210_g02_f05_Norte_Addon_6_z1_Mascara.png,0,0,0,0
quadros_compostos/group_02_type_01/look1210_g02_f05_Oeste_Addon_0_z0_Base.png,896,70,0,0
quadros_compostos/group_02_type_01/look1210_g02_f05_Oeste_Addon_0_z0_Mascara.png,897,72,0,0
quadros_compostos/group_02_type_01/look1210_g02_f05_Oeste_Addon_0_z1_Base.png,898,595,596,597
quadros_compostos/group_02_type_01/look1210_g02_f05_Oeste_Addon_0_z1_Mascara.png,899,599,600,601
quadros_compostos/group_02_type_01/look1210_g02_f05_Oeste_Addon_1_z0_Base.png,412,82,0,0
quadros_compostos/group_02_type_01/look1210_g02_f05_Oeste_Addon_1_z0_Mascara.png,0,0,0,0
quadros_compostos/group_02_type_01/look1210_g02_f05_Oeste_Addon_1_z1_Base.png,602,603,604,605
quadros_compostos/group_02_type_01/look1210_g02_f05_Oeste_Addon_1_z1_Mascara.png,0,0,0,0
quadros_compostos/group_02_type_01/look1210_g02_f05_Oeste_Addon_2_z0_Base.png,900,0,0,0
quadros_compostos/group_02_type_01/look1210_g02_f05_Oeste_Addon_2_z0_Mascara.png,0,0,0,0
quadros_compostos/group_02_type_01/look1210_g02_f05_Oeste_Addon_2_z1_Base.png,607,608,609,0
quadros_compostos/group_02_type_01/look1210_g02_f05_Oeste_Addon_2_z1_Mascara.png,0,0,0,0
quadros_compostos/group_02_type_01/look1210_g02_f05_Oeste_Addon_3_z0_Base.png,901,0,0,0
quadros_compostos/group_02_type_01/look1210_g02_f05_Oeste_Addon_3_z0_Mascara.png,0,0,0,0
quadros_compostos/group_02_type_01/look1210_g02_f05_Oeste_Addon_3_z1_Base.png,902,0,0,0
quadros_compostos/group_02_type_01/look1210_g02_f05_Oeste_Addon_3_z1_Mascara.png,0,0,0,0
quadros_compostos/group_02_type_01/look1210_g02_f05_Oeste_Addon_4_z0_Base.png,903,0,0,0
quadros_compostos/group_02_type_01/look1210_g02_f05_Oeste_Addon_4_z0_Mascara.png,0,0,0,0
quadros_compostos/group_02_type_01/look1210_g02_f05_Oeste_Addon_4_z1_Base.png,904,0,0,0
quadros_compostos/group_02_type_01/look1210_g02_f05_Oeste_Addon_4_z1_Mascara.png,0,0,0,0
quadros_compostos/group_02_type_01/look1210_g02_f05_Oeste_Addon_5_z0_Base.png,505,0,506,0
quadros_compostos/group_02_type_01/look1210_g02_f05_Oeste_Addon_5_z0_Mascara.png,0,0,0,0
quadros_compostos/group_02_type_01/look1210_g02_f05_Oeste_Addon_5_z1_Base.png,0,0,616,0
quadros_compostos/group_02_type_01/look1210_g02_f05_Oeste_Addon_5_z1_Mascara.png,0,0,0,0
quadros_compostos/group_02_type_01/look1210_g02_f05_Oeste_Addon_6_z0_Base.png,617,0,0,0
quadros_compostos/group_02_type_01/look1210_g02_f05_Oeste_Addon_6_z0_Mascara.png,0,0,0,0
quadros_compostos/group_02_type_01/look1210_g02_f05_Oeste_Addon_6_z1_Base.png,0,618,0,0
quadros_compostos/group_02_type_01/look1210_g02_f05_Oeste_Addon_6_z1_Mascara.png,0,0,0,0
quadros_compostos/group_02_type_01/look1210_g02_f05_Sul_Addon_0_z0_Base.png,905,906,621,0
quadros_compostos/group_02_type_01/look1210_g02_f05_Sul_Addon_0_z0_Mascara.png,907,908,624,0
quadros_compostos/group_02_type_01/look1210_g02_f05_Sul_Addon_0_z1_Base.png,909,107,910,911
quadros_compostos/group_02_type_01/look1210_g02_f05_Sul_Addon_0_z1_Mascara.png,912,0,111,112
quadros_compostos/group_02_type_01/look1210_g02_f05_Sul_Addon_1_z0_Base.png,913,628,629,0
quadros_compostos/group_02_type_01/look1210_g02_f05_Sul_Addon_1_z0_Mascara.png,0,0,0,0
quadros_compostos/group_02_type_01/look1210_g02_f05_Sul_Addon_1_z1_Base.png,0,0,630,631
quadros_compostos/group_02_type_01/look1210_g02_f05_Sul_Addon_1_z1_Mascara.png,0,0,0,0
quadros_compostos/group_02_type_01/look1210_g02_f05_Sul_Addon_2_z0_Base.png,914,915,0,0
quadros_compostos/group_02_type_01/look1210_g02_f05_Sul_Addon_2_z0_Mascara.png,0,0,0,0
quadros_compostos/group_02_type_01/look1210_g02_f05_Sul_Addon_2_z1_Base.png,119,120,916,917
quadros_compostos/group_02_type_01/look1210_g02_f05_Sul_Addon_2_z1_Mascara.png,0,0,0,0
quadros_compostos/group_02_type_01/look1210_g02_f05_Sul_Addon_3_z0_Base.png,918,0,0,0
quadros_compostos/group_02_type_01/look1210_g02_f05_Sul_Addon_3_z0_Mascara.png,0,0,0,0
quadros_compostos/group_02_type_01/look1210_g02_f05_Sul_Addon_3_z1_Base.png,919,0,125,0
quadros_compostos/group_02_type_01/look1210_g02_f05_Sul_Addon_3_z1_Mascara.png,0,0,0,0
quadros_compostos/group_02_type_01/look1210_g02_f05_Sul_Addon_4_z0_Base.png,920,0,0,0
quadros_compostos/group_02_type_01/look1210_g02_f05_Sul_Addon_4_z0_Mascara.png,0,0,0,0
quadros_compostos/group_02_type_01/look1210_g02_f05_Sul_Addon_4_z1_Base.png,921,0,0,0
quadros_compostos/group_02_type_01/look1210_g02_f05_Sul_Addon_4_z1_Mascara.png,0,0,0,0
quadros_compostos/group_02_type_01/look1210_g02_f05_Sul_Addon_5_z0_Base.png,922,923,0,0
quadros_compostos/group_02_type_01/look1210_g02_f05_Sul_Addon_5_z0_Mascara.png,0,0,0,0
quadros_compostos/group_02_type_01/look1210_g02_f05_Sul_Addon_5_z1_Base.png,130,131,0,132
quadros_compostos/group_02_type_01/look1210_g02_f05_Sul_Addon_5_z1_Mascara.png,0,0,0,0
quadros_compostos/group_02_type_01/look1210_g02_f05_Sul_Addon_6_z0_Base.png,924,0,0,0
quadros_compostos/group_02_type_01/look1210_g02_f05_Sul_Addon_6_z0_Mascara.png,0,0,0,0
quadros_compostos/group_02_type_01/look1210_g02_f05_Sul_Addon_6_z1_Base.png,134,0,135,0
quadros_compostos/group_02_type_01/look1210_g02_f05_Sul_Addon_6_z1_Mascara.png,0,0,0,0
quadros_compostos/group_02_type_01/look1210_g02_f06_Leste_Addon_0_z0_Base.png,925,2,3,0
quadros_compostos/group_02_type_01/look1210_g02_f06_Leste_Addon_0_z0_Mascara.png,926,5,6,0
quadros_compostos/group_02_type_01/look1210_g02_f06_Leste_Addon_0_z1_Base.png,927,647,648,649
quadros_compostos/group_02_type_01/look1210_g02_f06_Leste_Addon_0_z1_Mascara.png,928,651,0,652
quadros_compostos/group_02_type_01/look1210_g02_f06_Leste_Addon_1_z0_Base.png,929,187,0,0
quadros_compostos/group_02_type_01/look1210_g02_f06_Leste_Addon_1_z0_Mascara.png,0,0,0,0
quadros_compostos/group_02_type_01/look1210_g02_f06_Leste_Addon_1_z1_Base.png,0,654,0,655
quadros_compostos/group_02_type_01/look1210_g02_f06_Leste_Addon_1_z1_Mascara.png,0,0,0,0
quadros_compostos/group_02_type_01/look1210_g02_f06_Leste_Addon_2_z0_Base.png,930,0,19,0
quadros_compostos/group_02_type_01/look1210_g02_f06_Leste_Addon_2_z0_Mascara.png,0,0,0,0
quadros_compostos/group_02_type_01/look1210_g02_f06_Leste_Addon_2_z1_Base.png,657,931,659,932
quadros_compostos/group_02_type_01/look1210_g02_f06_Leste_Addon_2_z1_Mascara.png,0,0,0,0
quadros_compostos/group_02_type_01/look1210_g02_f06_Leste_Addon_3_z0_Base.png,933,0,0,0
quadros_compostos/group_02_type_01/look1210_g02_f06_Leste_Addon_3_z0_Mascara.png,0,0,0,0
quadros_compostos/group_02_type_01/look1210_g02_f06_Leste_Addon_3_z1_Base.png,934,935,0,0
quadros_compostos/group_02_type_01/look1210_g02_f06_Leste_Addon_3_z1_Mascara.png,0,0,0,0
quadros_compostos/group_02_type_01/look1210_g02_f06_Leste_Addon_4_z0_Base.png,936,0,0,0
quadros_compostos/group_02_type_01/look1210_g02_f06_Leste_Addon_4_z0_Mascara.png,0,0,0,0
quadros_compostos/group_02_type_01/look1210_g02_f06_Leste_Addon_4_z1_Base.png,937,0,0,0
quadros_compostos/group_02_type_01/look1210_g02_f06_Leste_Addon_4_z1_Mascara.png,0,0,0,0
quadros_compostos/group_02_type_01/look1210_g02_f06_Leste_Addon_5_z0_Base.png,938,939,0,0
quadros_compostos/group_02_type_01/look1210_g02_f06_Leste_Addon_5_z0_Mascara.png,0,0,0,0
quadros_compostos/group_02_type_01/look1210_g02_f06_Leste_Addon_5_z1_Base.png,668,669,0,0
quadros_compostos/group_02_type_01/look1210_g02_f06_Leste_Addon_5_z1_Mascara.png,0,0,0,0
quadros_compostos/group_02_type_01/look1210_g02_f06_Leste_Addon_6_z0_Base.png,670,0,671,0
quadros_compostos/group_02_type_01/look1210_g02_f06_Leste_Addon_6_z0_Mascara.png,0,0,0,0
quadros_compostos/group_02_type_01/look1210_g02_f06_Leste_Addon_6_z1_Base.png,672,0,673,0
quadros_compostos/group_02_type_01/look1210_g02_f06_Leste_Addon_6_z1_Mascara.png,0,0,0,0
quadros_compostos/group_02_type_01/look1210_g02_f06_Norte_Addon_0_z0_Base.png,940,675,676,0
quadros_compostos/group_02_type_01/look1210_g02_f06_Norte_Addon_0_z0_Mascara.png,941,678,679,0
quadros_compostos/group_02_type_01/look1210_g02_f06_Norte_Addon_0_z1_Base.png,942,458,459,460
quadros_compostos/group_02_type_01/look1210_g02_f06_Norte_Addon_0_z1_Mascara.png,943,462,463,464
quadros_compostos/group_02_type_01/look1210_g02_f06_Norte_Addon_1_z0_Base.png,682,683,684,0
quadros_compostos/group_02_type_01/look1210_g02_f06_Norte_Addon_1_z0_Mascara.png,0,0,0,0
quadros_compostos/group_02_type_01/look1210_g02_f06_Norte_Addon_1_z1_Base.png,466,467,468,469
quadros_compostos/group_02_type_01/look1210_g02_f06_Norte_Addon_1_z1_Mascara.png,0,0,0,0
quadros_compostos/group_02_type_01/look1210_g02_f06_Norte_Addon_2_z0_Base.png,944,686,0,0
quadros_compostos/group_02_type_01/look1210_g02_f06_Norte_Addon_2_z0_Mascara.png,0,0,0,0
quadros_compostos/group_02_type_01/look1210_g02_f06_Norte_Addon_2_z1_Base.png,471,472,473,0
quadros_compostos/group_02_type_01/look1210_g02_f06_Norte_Addon_2_z1_Mascara.png,0,0,0,0
quadros_compostos/group_02_type_01/look1210_g02_f06_Norte_Addon_3_z0_Base.png,945,0,0,0
quadros_compostos/group_02_type_01/look1210_g02_f06_Norte_Addon_3_z0_Mascara.png,0,0,0,0
quadros_compostos/group_02_type_01/look1210_g02_f06_Norte_Addon_3_z1_Base.png,946,0,0,0
quadros_compostos/group_02_type_01/look1210_g02_f06_Norte_Addon_3_z1_Mascara.png,0,0,0,0
quadros_compostos/group_02_type_01/look1210_g02_f06_Norte_Addon_4_z0_Base.png,947,0,0,0
quadros_compostos/group_02_type_01/look1210_g02_f06_Norte_Addon_4_z0_Mascara.png,0,0,0,0
quadros_compostos/group_02_type_01/look1210_g02_f06_Norte_Addon_4_z1_Base.png,948,0,0,0
quadros_compostos/group_02_type_01/look1210_g02_f06_Norte_Addon_4_z1_Mascara.png,0,0,0,0
quadros_compostos/group_02_type_01/look1210_g02_f06_Norte_Addon_5_z0_Base.png,63,0,64,0
quadros_compostos/group_02_type_01/look1210_g02_f06_Norte_Addon_5_z0_Mascara.png,0,0,0,0
quadros_compostos/group_02_type_01/look1210_g02_f06_Norte_Addon_5_z1_Base.png,0,0,479,0
quadros_compostos/group_02_type_01/look1210_g02_f06_Norte_Addon_5_z1_Mascara.png,0,0,0,0
quadros_compostos/group_02_type_01/look1210_g02_f06_Norte_Addon_6_z0_Base.png,694,695,0,0
quadros_compostos/group_02_type_01/look1210_g02_f06_Norte_Addon_6_z0_Mascara.png,0,0,0,0
quadros_compostos/group_02_type_01/look1210_g02_f06_Norte_Addon_6_z1_Base.png,0,481,0,0
quadros_compostos/group_02_type_01/look1210_g02_f06_Norte_Addon_6_z1_Mascara.png,0,0,0,0
quadros_compostos/group_02_type_01/look1210_g02_f06_Oeste_Addon_0_z0_Base.png,949,697,698,0
quadros_compostos/group_02_type_01/look1210_g02_f06_Oeste_Addon_0_z0_Mascara.png,950,700,701,0
quadros_compostos/group_02_type_01/look1210_g02_f06_Oeste_Addon_0_z1_Base.png,951,485,486,487
quadros_compostos/group_02_type_01/look1210_g02_f06_Oeste_Addon_0_z1_Mascara.png,952,489,490,491
quadros_compostos/group_02_type_01/look1210_g02_f06_Oeste_Addon_1_z0_Base.png,704,705,706,0
quadros_compostos/group_02_type_01/look1210_g02_f06_Oeste_Addon_1_z0_Mascara.png,0,0,0,0
quadros_compostos/group_02_type_01/look1210_g02_f06_Oeste_Addon_1_z1_Base.png,493,494,495,496
quadros_compostos/group_02_type_01/look1210_g02_f06_Oeste_Addon_1_z1_Mascara.png,0,0,0,0
quadros_compostos/group_02_type_01/look1210_g02_f06_Oeste_Addon_2_z0_Base.png,953,0,708,0
quadros_compostos/group_02_type_01/look1210_g02_f06_Oeste_Addon_2_z0_Mascara.png,0,0,0,0
quadros_compostos/group_02_type_01/look1210_g02_f06_Oeste_Addon_2_z1_Base.png,498,499,500,0
quadros_compostos/group_02_type_01/look1210_g02_f06_Oeste_Addon_2_z1_Mascara.png,0,0,0,0
quadros_compostos/group_02_type_01/look1210_g02_f06_Oeste_Addon_3_z0_Base.png,954,0,0,0
quadros_compostos/group_02_type_01/look1210_g02_f06_Oeste_Addon_3_z0_Mascara.png,0,0,0,0
quadros_compostos/group_02_type_01/look1210_g02_f06_Oeste_Addon_3_z1_Base.png,955,0,0,0
quadros_compostos/group_02_type_01/look1210_g02_f06_Oeste_Addon_3_z1_Mascara.png,0,0,0,0
quadros_compostos/group_02_type_01/look1210_g02_f06_Oeste_Addon_4_z0_Base.png,956,0,0,0
quadros_compostos/group_02_type_01/look1210_g02_f06_Oeste_Addon_4_z0_Mascara.png,0,0,0,0
quadros_compostos/group_02_type_01/look1210_g02_f06_Oeste_Addon_4_z1_Base.png,957,0,0,0
quadros_compostos/group_02_type_01/look1210_g02_f06_Oeste_Addon_4_z1_Mascara.png,0,0,0,0
quadros_compostos/group_02_type_01/look1210_g02_f06_Oeste_Addon_5_z0_Base.png,714,0,715,0
quadros_compostos/group_02_type_01/look1210_g02_f06_Oeste_Addon_5_z0_Mascara.png,0,0,0,0
quadros_compostos/group_02_type_01/look1210_g02_f06_Oeste_Addon_5_z1_Base.png,0,0,507,0
quadros_compostos/group_02_type_01/look1210_g02_f06_Oeste_Addon_5_z1_Mascara.png,0,0,0,0
quadros_compostos/group_02_type_01/look1210_g02_f06_Oeste_Addon_6_z0_Base.png,98,0,0,0
quadros_compostos/group_02_type_01/look1210_g02_f06_Oeste_Addon_6_z0_Mascara.png,0,0,0,0
quadros_compostos/group_02_type_01/look1210_g02_f06_Oeste_Addon_6_z1_Base.png,0,509,0,0
quadros_compostos/group_02_type_01/look1210_g02_f06_Oeste_Addon_6_z1_Mascara.png,0,0,0,0
quadros_compostos/group_02_type_01/look1210_g02_f06_Sul_Addon_0_z0_Base.png,958,101,102,0
quadros_compostos/group_02_type_01/look1210_g02_f06_Sul_Addon_0_z0_Mascara.png,959,104,105,0
quadros_compostos/group_02_type_01/look1210_g02_f06_Sul_Addon_0_z1_Base.png,960,720,721,722
quadros_compostos/group_02_type_01/look1210_g02_f06_Sul_Addon_0_z1_Mascara.png,961,0,724,725
quadros_compostos/group_02_type_01/look1210_g02_f06_Sul_Addon_1_z0_Base.png,962,0,223,0
quadros_compostos/group_02_type_01/look1210_g02_f06_Sul_Addon_1_z0_Mascara.png,0,0,0,0
quadros_compostos/group_02_type_01/look1210_g02_f06_Sul_Addon_1_z1_Base.png,0,0,727,728
quadros_compostos/group_02_type_01/look1210_g02_f06_Sul_Addon_1_z1_Mascara.png,0,0,0,0
quadros_compostos/group_02_type_01/look1210_g02_f06_Sul_Addon_2_z0_Base.png,963,118,0,0
quadros_compostos/group_02_type_01/look1210_g02_f06_Sul_Addon_2_z0_Mascara.png,0,0,0,0
quadros_compostos/group_02_type_01/look1210_g02_f06_Sul_Addon_2_z1_Base.png,730,731,964,965
quadros_compostos/group_02_type_01/look1210_g02_f06_Sul_Addon_2_z1_Mascara.png,0,0,0,0
quadros_compostos/group_02_type_01/look1210_g02_f06_Sul_Addon_3_z0_Base.png,966,0,0,0
quadros_compostos/group_02_type_01/look1210_g02_f06_Sul_Addon_3_z0_Mascara.png,0,0,0,0
quadros_compostos/group_02_type_01/look1210_g02_f06_Sul_Addon_3_z1_Base.png,967,0,968,0
quadros_compostos/group_02_type_01/look1210_g02_f06_Sul_Addon_3_z1_Mascara.png,0,0,0,0
quadros_compostos/group_02_type_01/look1210_g02_f06_Sul_Addon_4_z0_Base.png,969,0,0,0
quadros_compostos/group_02_type_01/look1210_g02_f06_Sul_Addon_4_z0_Mascara.png,0,0,0,0
quadros_compostos/group_02_type_01/look1210_g02_f06_Sul_Addon_4_z1_Base.png,970,0,0,0
quadros_compostos/group_02_type_01/look1210_g02_f06_Sul_Addon_4_z1_Mascara.png,0,0,0,0
quadros_compostos/group_02_type_01/look1210_g02_f06_Sul_Addon_5_z0_Base.png,739,740,0,0
quadros_compostos/group_02_type_01/look1210_g02_f06_Sul_Addon_5_z0_Mascara.png,0,0,0,0
quadros_compostos/group_02_type_01/look1210_g02_f06_Sul_Addon_5_z1_Base.png,741,742,0,743
quadros_compostos/group_02_type_01/look1210_g02_f06_Sul_Addon_5_z1_Mascara.png,0,0,0,0
quadros_compostos/group_02_type_01/look1210_g02_f06_Sul_Addon_6_z0_Base.png,971,0,0,0
quadros_compostos/group_02_type_01/look1210_g02_f06_Sul_Addon_6_z0_Mascara.png,0,0,0,0
quadros_compostos/group_02_type_01/look1210_g02_f06_Sul_Addon_6_z1_Base.png,745,0,746,0
quadros_compostos/group_02_type_01/look1210_g02_f06_Sul_Addon_6_z1_Mascara.png,0,0,0,0
quadros_compostos/group_02_type_01/look1210_g02_f07_Leste_Addon_0_z0_Base.png,972,0,0,0
quadros_compostos/group_02_type_01/look1210_g02_f07_Leste_Addon_0_z0_Mascara.png,973,0,0,0
quadros_compostos/group_02_type_01/look1210_g02_f07_Leste_Addon_0_z1_Base.png,974,8,9,10
quadros_compostos/group_02_type_01/look1210_g02_f07_Leste_Addon_0_z1_Mascara.png,975,12,0,13
quadros_compostos/group_02_type_01/look1210_g02_f07_Leste_Addon_1_z0_Base.png,976,752,0,0
quadros_compostos/group_02_type_01/look1210_g02_f07_Leste_Addon_1_z0_Mascara.png,0,0,0,0
quadros_compostos/group_02_type_01/look1210_g02_f07_Leste_Addon_1_z1_Base.png,0,549,0,550
quadros_compostos/group_02_type_01/look1210_g02_f07_Leste_Addon_1_z1_Mascara.png,0,0,0,0
quadros_compostos/group_02_type_01/look1210_g02_f07_Leste_Addon_2_z0_Base.png,977,0,0,0
quadros_compostos/group_02_type_01/look1210_g02_f07_Leste_Addon_2_z0_Mascara.png,0,0,0,0
quadros_compostos/group_02_type_01/look1210_g02_f07_Leste_Addon_2_z1_Base.png,20,978,22,979
quadros_compostos/group_02_type_01/look1210_g02_f07_Leste_Addon_2_z1_Mascara.png,0,0,0,0
quadros_compostos/group_02_type_01/look1210_g02_f07_Leste_Addon_3_z0_Base.png,980,0,0,0
quadros_compostos/group_02_type_01/look1210_g02_f07_Leste_Addon_3_z0_Mascara.png,0,0,0,0
quadros_compostos/group_02_type_01/look1210_g02_f07_Leste_Addon_3_z1_Base.png,981,26,0,0
quadros_compostos/group_02_type_01/look1210_g02_f07_Leste_Addon_3_z1_Mascara.png,0,0,0,0
quadros_compostos/group_02_type_01/look1210_g02_f07_Leste_Addon_4_z0_Base.png,982,0,0,0
quadros_compostos/group_02_type_01/look1210_g02_f07_Leste_Addon_4_z0_Mascara.png,0,0,0,0
quadros_compostos/group_02_type_01/look1210_g02_f07_Leste_Addon_4_z1_Base.png,983,0,0,0
quadros_compostos/group_02_type_01/look1210_g02_f07_Leste_Addon_4_z1_Mascara.png,0,0,0,0
quadros_compostos/group_02_type_01/look1210_g02_f07_Leste_Addon_5_z0_Base.png,984,985,0,0
quadros_compostos/group_02_type_01/look1210_g02_f07_Leste_Addon_5_z0_Mascara.png,0,0,0,0
quadros_compostos/group_02_type_01/look1210_g02_f07_Leste_Addon_5_z1_Base.png,31,32,0,0
quadros_compostos/group_02_type_01/look1210_g02_f07_Leste_Addon_5_z1_Mascara.png,0,0,0,0
quadros_compostos/group_02_type_01/look1210_g02_f07_Leste_Addon_6_z0_Base.png,33,0,34,0
quadros_compostos/group_02_type_01/look1210_g02_f07_Leste_Addon_6_z0_Mascara.png,0,0,0,0
quadros_compostos/group_02_type_01/look1210_g02_f07_Leste_Addon_6_z1_Base.png,35,0,36,0
quadros_compostos/group_02_type_01/look1210_g02_f07_Leste_Addon_6_z1_Mascara.png,0,0,0,0
quadros_compostos/group_02_type_01/look1210_g02_f07_Norte_Addon_0_z0_Base.png,986,0,38,0
quadros_compostos/group_02_type_01/look1210_g02_f07_Norte_Addon_0_z0_Mascara.png,987,0,40,0
quadros_compostos/group_02_type_01/look1210_g02_f07_Norte_Addon_0_z1_Base.png,988,768,43,44
quadros_compostos/group_02_type_01/look1210_g02_f07_Norte_Addon_0_z1_Mascara.png,989,46,47,48
quadros_compostos/group_02_type_01/look1210_g02_f07_Norte_Addon_1_z0_Base.png,406,0,50,0
quadros_compostos/group_02_type_01/look1210_g02_f07_Norte_Addon_1_z0_Mascara.png,0,0,0,0
quadros_compostos/group_02_type_01/look1210_g02_f07_Norte_Addon_1_z1_Base.png,51,325,326,407
quadros_compostos/group_02_type_01/look1210_g02_f07_Norte_Addon_1_z1_Mascara.png,0,0,0,0
quadros_compostos/group_02_type_01/look1210_g02_f07_Norte_Addon_2_z0_Base.png,990,0,0,0
quadros_compostos/group_02_type_01/look1210_g02_f07_Norte_Addon_2_z0_Mascara.png,0,0,0,0
quadros_compostos/group_02_type_01/look1210_g02_f07_Norte_Addon_2_z1_Base.png,771,772,58,0
quadros_compostos/group_02_type_01/look1210_g02_f07_Norte_Addon_2_z1_Mascara.png,0,0,0,0
quadros_compostos/group_02_type_01/look1210_g02_f07_Norte_Addon_3_z0_Base.png,991,0,0,0
quadros_compostos/group_02_type_01/look1210_g02_f07_Norte_Addon_3_z0_Mascara.png,0,0,0,0
quadros_compostos/group_02_type_01/look1210_g02_f07_Norte_Addon_3_z1_Base.png,992,0,0,0
quadros_compostos/group_02_type_01/look1210_g02_f07_Norte_Addon_3_z1_Mascara.png,0,0,0,0
quadros_compostos/group_02_type_01/look1210_g02_f07_Norte_Addon_4_z0_Base.png,993,0,0,0
quadros_compostos/group_02_type_01/look1210_g02_f07_Norte_Addon_4_z0_Mascara.png,0,0,0,0
quadros_compostos/group_02_type_01/look1210_g02_f07_Norte_Addon_4_z1_Base.png,994,0,0,0
quadros_compostos/group_02_type_01/look1210_g02_f07_Norte_Addon_4_z1_Mascara.png,0,0,0,0
quadros_compostos/group_02_type_01/look1210_g02_f07_Norte_Addon_5_z0_Base.png,995,0,996,0
quadros_compostos/group_02_type_01/look1210_g02_f07_Norte_Addon_5_z0_Mascara.png,0,0,0,0
quadros_compostos/group_02_type_01/look1210_g02_f07_Norte_Addon_5_z1_Base.png,0,0,65,0
quadros_compostos/group_02_type_01/look1210_g02_f07_Norte_Addon_5_z1_Mascara.png,0,0,0,0
quadros_compostos/group_02_type_01/look1210_g02_f07_Norte_Addon_6_z0_Base.png,997,998,0,0
quadros_compostos/group_02_type_01/look1210_g02_f07_Norte_Addon_6_z0_Mascara.png,0,0,0,0
quadros_compostos/group_02_type_01/look1210_g02_f07_Norte_Addon_6_z1_Base.png,0,68,0,0
quadros_compostos/group_02_type_01/look1210_g02_f07_Norte_Addon_6_z1_Mascara.png,0,0,0,0
quadros_compostos/group_02_type_01/look1210_g02_f07_Oeste_Addon_0_z0_Base.png,999,70,0,0
quadros_compostos/group_02_type_01/look1210_g02_f07_Oeste_Addon_0_z0_Mascara.png,1000,72,0,0
quadros_compostos/group_02_type_01/look1210_g02_f07_Oeste_Addon_0_z1_Base.png,1001,74,784,76
quadros_compostos/group_02_type_01/look1210_g02_f07_Oeste_Addon_0_z1_Mascara.png,1002,78,79,80
quadros_compostos/group_02_type_01/look1210_g02_f07_Oeste_Addon_1_z0_Base.png,412,82,0,0
quadros_compostos/group_02_type_01/look1210_g02_f07_Oeste_Addon_1_z0_Mascara.png,0,0,0,0
quadros_compostos/group_02_type_01/look1210_g02_f07_Oeste_Addon_1_z1_Base.png,83,336,337,413
quadros_compostos/group_02_type_01/look1210_g02_f07_Oeste_Addon_1_z1_Mascara.png,0,0,0,0
quadros_compostos/group_02_type_01/look1210_g02_f07_Oeste_Addon_2_z0_Base.png,1003,0,0,0
quadros_compostos/group_02_type_01/look1210_g02_f07_Oeste_Addon_2_z0_Mascara.png,0,0,0,0
quadros_compostos/group_02_type_01/look1210_g02_f07_Oeste_Addon_2_z1_Base.png,787,89,788,0
quadros_compostos/group_02_type_01/look1210_g02_f07_Oeste_Addon_2_z1_Mascara.png,0,0,0,0
quadros_compostos/group_02_type_01/look1210_g02_f07_Oeste_Addon_3_z0_Base.png,1004,0,0,0
quadros_compostos/group_02_type_01/look1210_g02_f07_Oeste_Addon_3_z0_Mascara.png,0,0,0,0
quadros_compostos/group_02_type_01/look1210_g02_f07_Oeste_Addon_3_z1_Base.png,1005,0,0,0
quadros_compostos/group_02_type_01/look1210_g02_f07_Oeste_Addon_3_z1_Mascara.png,0,0,0,0
quadros_compostos/group_02_type_01/look1210_g02_f07_Oeste_Addon_4_z0_Base.png,1006,0,0,0
quadros_compostos/group_02_type_01/look1210_g02_f07_Oeste_Addon_4_z0_Mascara.png,0,0,0,0
quadros_compostos/group_02_type_01/look1210_g02_f07_Oeste_Addon_4_z1_Base.png,1007,0,0,0
quadros_compostos/group_02_type_01/look1210_g02_f07_Oeste_Addon_4_z1_Mascara.png,0,0,0,0
quadros_compostos/group_02_type_01/look1210_g02_f07_Oeste_Addon_5_z0_Base.png,1008,0,1009,0
quadros_compostos/group_02_type_01/look1210_g02_f07_Oeste_Addon_5_z0_Mascara.png,0,0,0,0
quadros_compostos/group_02_type_01/look1210_g02_f07_Oeste_Addon_5_z1_Base.png,0,0,97,0
quadros_compostos/group_02_type_01/look1210_g02_f07_Oeste_Addon_5_z1_Mascara.png,0,0,0,0
quadros_compostos/group_02_type_01/look1210_g02_f07_Oeste_Addon_6_z0_Base.png,1010,0,0,0
quadros_compostos/group_02_type_01/look1210_g02_f07_Oeste_Addon_6_z0_Mascara.png,0,0,0,0
quadros_compostos/group_02_type_01/look1210_g02_f07_Oeste_Addon_6_z1_Base.png,0,99,0,0
quadros_compostos/group_02_type_01/look1210_g02_f07_Oeste_Addon_6_z1_Mascara.png,0,0,0,0
quadros_compostos/group_02_type_01/look1210_g02_f07_Sul_Addon_0_z0_Base.png,1011,0,0,0
quadros_compostos/group_02_type_01/look1210_g02_f07_Sul_Addon_0_z0_Mascara.png,1012,0,0,0
quadros_compostos/group_02_type_01/look1210_g02_f07_Sul_Addon_0_z1_Base.png,1013,107,108,109
quadros_compostos/group_02_type_01/look1210_g02_f07_Sul_Addon_0_z1_Mascara.png,1014,0,111,112
quadros_compostos/group_02_type_01/look1210_g02_f07_Sul_Addon_1_z0_Base.png,1015,0,801,0
quadros_compostos/group_02_type_01/look1210_g02_f07_Sul_Addon_1_z0_Mascara.png,0,0,0,0
quadros_compostos/group_02_type_01/look1210_g02_f07_Sul_Addon_1_z1_Base.png,0,0,630,631
quadros_compostos/group_02_type_01/look1210_g02_f07_Sul_Addon_1_z1_Mascara.png,0,0,0,0
quadros_compostos/group_02_type_01/look1210_g02_f07_Sul_Addon_2_z0_Base.png,1016,0,0,0
quadros_compostos/group_02_type_01/look1210_g02_f07_Sul_Addon_2_z0_Mascara.png,0,0,0,0
quadros_compostos/group_02_type_01/look1210_g02_f07_Sul_Addon_2_z1_Base.png,119,120,1017,1018
quadros_compostos/group_02_type_01/look1210_g02_f07_Sul_Addon_2_z1_Mascara.png,0,0,0,0
quadros_compostos/group_02_type_01/look1210_g02_f07_Sul_Addon_3_z0_Base.png,1019,0,0,0
quadros_compostos/group_02_type_01/look1210_g02_f07_Sul_Addon_3_z0_Mascara.png,0,0,0,0
quadros_compostos/group_02_type_01/look1210_g02_f07_Sul_Addon_3_z1_Base.png,1020,0,125,0
quadros_compostos/group_02_type_01/look1210_g02_f07_Sul_Addon_3_z1_Mascara.png,0,0,0,0
quadros_compostos/group_02_type_01/look1210_g02_f07_Sul_Addon_4_z0_Base.png,1021,0,0,0
quadros_compostos/group_02_type_01/look1210_g02_f07_Sul_Addon_4_z0_Mascara.png,0,0,0,0
quadros_compostos/group_02_type_01/look1210_g02_f07_Sul_Addon_4_z1_Base.png,1022,0,0,0
quadros_compostos/group_02_type_01/look1210_g02_f07_Sul_Addon_4_z1_Mascara.png,0,0,0,0
quadros_compostos/group_02_type_01/look1210_g02_f07_Sul_Addon_5_z0_Base.png,128,129,0,0
quadros_compostos/group_02_type_01/look1210_g02_f07_Sul_Addon_5_z0_Mascara.png,0,0,0,0
quadros_compostos/group_02_type_01/look1210_g02_f07_Sul_Addon_5_z1_Base.png,130,131,0,132
quadros_compostos/group_02_type_01/look1210_g02_f07_Sul_Addon_5_z1_Mascara.png,0,0,0,0
quadros_compostos/group_02_type_01/look1210_g02_f07_Sul_Addon_6_z0_Base.png,1023,0,0,0
quadros_compostos/group_02_type_01/look1210_g02_f07_Sul_Addon_6_z0_Mascara.png,0,0,0,0
quadros_compostos/group_02_type_01/look1210_g02_f07_Sul_Addon_6_z1_Base.png,134,0,135,0
quadros_compostos/group_02_type_01/look1210_g02_f07_Sul_Addon_6_z1_Mascara.png,0,0,0,0
